apk name,num_activities,num_providers,num_receivers,num_services
0008B849C70477FAF464E80DF6C7EA91569F78BD2F13AF79924F8B5341A44EDD,4,0,0,0
0015AE7C27688D45F79170DCEA16131CE557912A1A0C5F3B6B0465EE0774A452,3,0,1,1
002FB7803C0549BC7EB023458618520A3F0939E6ECE1235A296491A7A1383,10,0,0,1
00567501FE3517B1BF6B363DD6C4D0972A77C591B0D7C24512DB187773F21262,59,0,1,4
00621E015191863041E78726B863B7E1374B17FDA690367878D1272B0E44B232,11,0,1,1
00D314B2122EB6AD4241BD8E0BA3FF7548607E35C808330FC102848E3258F151,22,0,12,1
00F11F51A89F2487A112DDEBC079757933ED5D49104FEBC09EABB86C91B69433,19,0,0,0
010A4AB33A4353415ACBA5874C979166F96F3C12437B267F0B1DF359060F40F2,3,0,0,0
0149B02468A8E582D76A7AD5094C15A4A07F4F08361BA5B539702D77BABFBBC1,2,0,0,0
0170D60A44FF08E77733422AF55F8FAEAF9172A2014D9131A42BD454467392AD,3,0,1,0
018096F1E732C91FB315A84AB5D851430C5D2C124A7F8DBB1792CF9606335E41,9,0,0,0
01ADC0C415821DE5F22ED704816D8902E76133A43C4F5F0F9BCA64375B01438F,3,0,0,1
01AE30AEB15D6B9F9456671A88FB6194133341F9A0C795C7454A0ADBEFC0DEA6,7,0,0,0
01C66A18EACA0C68548D789B1FF61219C710D5B63B0AA294FEA4F956A3A17514,6,0,0,1
01C888061F79A1A48BD1A2D1B7ED7FAE6901890B21D663A599B0010B7FC82F65,5,0,0,0
01FB68566D199E44353A5045668D544DF964BDFE7D5A958852C543EB275AF58C,38,0,1,2
0205136AF07D6B952B908DFBCFE6CF9DA68EB4931D4CA34EDE9A2F22C3024F19,2,0,0,0
024E335915472925E5747006677EC01A7874E9775A76D7BF734480093E8EC,5,0,2,2
0257EBB853503222DC8830B24072E683FABDD8CC2F262798F08694B283B2E01D,4,0,2,3
0287892ACFBF12493D866D0817591C17A9EAB5322563C703EA65D4FAD0287C64,4,0,2,3
02F2F8D320F3FFFABAC5D9D545DE1DF9278EF9DBC979E51D334961B9ED9A6785,9,0,1,1
0347765164FD020685DD7FA47CEE46FF07A80026D80136D81418656CCA70D25C,11,0,0,0
0383375CBFA4767223B130C214D8C3AE10D0918FBA8A3771CA43C1F69EE0C053,2,0,0,0
038AC7FBE4655DEA630752CF43D5979EC539BB98191D622EB1F754CC6DC5,8,0,0,3
039346899F14BD884F7B9548BD50839C1370BDD078448044ABDE331CC3759045,5,0,0,1
03A738B33EE0760D9F6CB5E88D78867B9D82F4EA33F8392B57A4F508D042605A,3,0,2,1
03BDF068B140901E9171BD2A5BD728E1227BAFBD33C65D107FA2E0970730681B,11,0,4,1
03C343E2365517EF37BDC99EBC679D73F124B519890176F695767A42EF945D96,11,0,6,3
03C67CEC6C3CF9BD8B0D85F4321A825F038507B41C891984C1ABE7E085792250,5,0,1,2
03C78D58F22B4EBE6BB92735D19C869E57D10ED3071644C1A429170E7C9F3D51,23,0,1,2
0415D375101C46A635AD08C093F23FB0032DAFE48F15224A4E9867950080D8BD,3,1,1,2
042571A4B49103B62431B39701BBF459E197D0EF76C37652B5D4A5141B110601,6,0,0,1
045B3AA12AED348A4EFD5574B88DA97C036A766D77963773974DEE02EA8D7CEB,6,0,0,0
048449F839BFA7AFC61AED035BA870AFF254B7534C8444CBB701E31EC6D47F24,7,0,2,2
048CEB8C5A36A644A3C33CC9527195FF68BEF5A76CF0DE9E7DA1CC77EB0A461C,3,0,0,0
049D5D5E6DDA98F512E0A9FD2D8E3299BB16ADFB63D95033ED6A839588D14425,15,0,1,1
04AAFCE54BF2350A4CABD8B4D6999DB0302118BF0DC2C95C8D4DB58E018,10,0,2,2
04B126E20C7211E1F73FBFC9AE2A02D8AE4EFCC3E0FEC2BC93131E2B61C04F61,14,0,0,0
04C9122A1E53D5058786E79E46A4315BA1FE5A52B8A27C4CAD64F7316EEA7463,7,0,4,1
04DECE212E4A74AAC8E1C3704FFDB615367C2A79FB93CBCAFF75765D24AA6E9B,57,1,0,4
05317565EFEB3A46E07BD2B982114FF1409D80B496F1424FFC5E5C25E018,2,0,0,0
05367FE9F0E8846F4C4E2EFA127D1F9D361C7DD1425C507524BEDC58AEA320DE,17,0,1,1
05D382028F2A7D92CBB308033B0036A49907787D99CE4367D0C1DE9A76A2861B,4,0,2,2
05D8673B6AA8305533A94BA794ABD575BF0BB7FD040BCCB0E73C5756A69115F9,5,0,0,0
0628109AC9BC94F397E9F210BB5F37F2BA259E4EE07437FA4E57416DCC2B4462,38,0,5,3
0680CF0A42FDDE53A118F8B3DB8E28E6B00EF9146073E00EE4B285650144BE6C,7,0,0,0
06B318865F74F6BD3A903D186076AF08878A15312F889A350367B6B2EF9AFD9A,13,0,0,1
06CB35D6ACF876AC6373AF046426DBA6AB54016FA9E66432FF0FCDB064081E98,4,0,0,0
06FA9A639F743A21AC4FABD571EAC5624A7A67490EACEB6E9C02461A49FFF726,3,0,0,1
071E40D21C0A1B4352ABC014B717F4419161D5967580D05B326CBF3EAECAFCA9,7,0,2,1
0726F5BB31F5E04F1F952835133EB57DFCD8B65BC0C79B883FB5B10,5,0,0,1
074014A3C6C5F9477A63A4C4C9331C700E540E3A565D0D4F8426AC5774FD9F32,8,0,2,3
0746306BEBA1983BE5E510BDBDF8B079DE98F666C8F682E8C0ED37152778AE30,12,0,3,6
075049984D2937039DDE452818BC6B844C8C8DB8D951306F02234B2EA,8,0,4,4
076C5F5F1391F89ED61F212A9B893849292797E7F72C613490B21BDE2A719007,2,0,2,1
084E4F533E49D54A57C460A58DD5226264A8D8E48F16FDDA0C27FC3566D7E1BA,2,0,0,0
085F8E90D07BEA77BA7E0789B2A95FD41B6C3A6462F0021A92D536E815D9A92E,7,0,0,0
08C8837B2BD3D327101337B7BD7A6725E48EBA2D9803DCAF5DBAF0CDC4E3A975,13,0,2,0
08D3169948EFA5CA47D06C7FC2BAE808A8788CFF6810D3B234DE2B550A3250D5,36,0,5,8
0965B350A12FC8E55865501B73D6DAB4CFD35C0FD283A4DC463F77867271EED4,3,0,0,0
0993B36F203483306288EC29846EF902B2410C50983C81194E777A97ED6333E8,5,0,0,0
099A9BEDBA55E6C81B142132F57190865323091D401C213187E97DB1F38AA660,6,0,2,0
09AF9728452EFED219F3848972B43C0BF0EB12821E46007F88FB37DC98A75EA1,36,3,6,9
09C70721776A3D0B345D2FBC647B363648C91B2F8F3DD0C25CF928ABA4ADE179,4,0,1,2
0A37F086841FF927EC8BEE9F3BDB1048ECFBA54B09AEA400E980BD3EF301519D,8,0,1,1
0AC4AA9B5413666A2BD66B96FAA0CC8E656144FFF8D028970BEFA,5,0,1,1
0AC59F02F886C015E0F15C0D0BEAD2FBFCC3E587D4BB216D73C457062D20E904,6,0,3,5
0AF93460EB34961E2368A829B874086DDE456B833579224BC07B5309A6CB5268,3,0,1,2
0B107781A39F0DB90A8F58CFEE39E519160D0DBEAD210ADC843CE13807F6B371,7,0,0,1
0B1297CCE41B1ED3DF817A2AA6F9B95D1DC24556D29645D112E665D6039BA896,9,0,1,0
0B17B3558298B00F35D8425A57BAE908F6C10D164F4B32E6CAE2130F64C3D3D5,4,0,0,0
0B33469936791DB785E8546BB752AA75DE4C3227293A4237249DBD05FC12D039,6,0,1,1
0B863F6214FE26EFB3A3745E75CC5B7749631E49530CF73842FF125B75CE4531,2,0,0,0
0C0BEE91DEE2CDBD3E5321331D756396946982DFE13AF891CF1ECEE5CC6A24BB,7,0,0,0
0C55E9AA42FA080DF1266D5D9A1E9EE29BC1E7BB5F77E27C507320DF,19,0,15,8
0C602EE784DD9C06CB8BA7B6A8C983731E53DC8D5E06090D8F0B211444D6CAE2,19,0,0,0
0CA33559F1571026805258966FB9A81237ABAE3CEF6878951A17C2421D2C491E,38,0,5,3
0CC5A8FA9DB4806E868BE01BF6FA467BCA738644FA65C86C53C874B38C8F43F2,7,0,0,0
0CC817941BAC3AE28B5321C53BFF38943C0ED19086A7E07056AB68DE26E92921,22,0,4,8
0CCF9CFAE60602B20C679AD8D56CC14F94EBF50AED389EF9DB8A86E717ED76EA,12,0,8,9
0D065F2AD8667CE5E627A51CE566FE93FD258609AA97D04AF9276E68A15473A7,2,0,0,0
0D424EC4633B3041E60C90F98C41EC6DB42D5938D35EBD96C7A7F1E176FC20AF,6,0,2,0
0E2E5B5E550473E6C099264C6634D46D4F6050F5AB2E8F024B5DED4EE7D432A7,12,0,0,0
0E46B435D1C549260993B2573C432FF44588937E9350BABF1E179CB11675E8EA,16,0,1,1
0E4C19BBEF3EFE0170BFF87F150A821E61F618DB0A29332561D3D532C6A88,12,0,4,5
0E6589799FAF7FDFB254C2C4D700B11A8C5A3942CA1B266A6A8E83FB5C669672,17,0,0,1
0E73B5360DBB882D45E31D1DA67056B3C37CC55F6E61FBBD0E44B9FBCB,6,0,2,0
0E867737CFFC0DC9DF717BFEEE69511062496B8207DEB336BB6ACF0DBF,24,0,0,0
0EA606ABCC857616196A8E2F767E7B55864E5C35F31FD85E928F724826BD28F7,38,0,0,1
0EEBB1B21EAE8F47D8540E89AC76513D9100D61D4CC3ABFBEBB01D4B20DC86B8,36,0,5,8
0EFC045399EF19B363937ECE2ADA37720C69F6A6C4365CC686AAC320435A843E,2,0,0,0
0F18D0CF80F7619D17142110EADBFE1AD01BC5936F275D666C454234241CA382,4,0,3,2
0F42964440F5519AD7DAD1ABF23E44D40353022C81E02CBC869A07646C6B3955,8,0,1,1
0F882A37CB167AB82C3B3B614265637100D659E00D407CCC0025AE911DDC1B70,5,0,0,0
0FB8662937FF9AE70D0F7FA46580C7B6B8B120D023A7B90AA0231CF989F4EA3E,7,0,0,0
0FC8C7F5E63A34EA4D439C78354A507DDC3D2AABD853B2A93B9461C45986ADB5,5,0,4,4
10144854C3402E3C9755DEE26F4A07D36D24FB82EF4DF90A5D2F2BB22AB86C40,5,0,0,0
1041AA822FF11FB8712BC48B84A5CDB755E213587242BEA3FB984F78F75D7958,10,0,0,1
10425AEA7317CC1DA95A232189E653B2CC6876E23CFCE45D6215C6C86F223EB9,4,0,2,1
10436532142E62826097DAB592E8E82EC181AF899A900F7DF1CC9CEE159323F9,7,0,0,0
109466B65CC4A0FB1A55ABBC62B9B3146FB6C5EEFC6DB908857C701970C1A2BC,3,0,0,1
10F6A5912FC45C6DCE219F28BD493A765081F6A01B090293B5A3B57836C762EB,5,0,3,2
11319907C827237820D2423DB757CC28BC142FFAE07BCB2E6B1BA58BFEAA1350,2,0,0,0
1150739B1840EFEA27030C78BD2517DB787ECCE8AD5555091BCE113BF,5,0,0,0
115B93502865D6ACE40833F6A44FB03FBC187B58404AB7C7ED1BDA739A227B18,2,0,2,1
11A117CEFBCBF2854EF1C267C812CC01800345FE7AFBD53434928482F2902EEB,11,0,2,1
11F3587EFB94B8BF783CA30154650FF940430E1D76C723B30B75512BBA55B,8,0,4,1
1254944954792B98BE930181C91956CDEDCB4E003E98488FB49451F335CBB81F,9,0,9,12
12780C0ED735628DC21A5C0E4783E82C017A6AD999FD74E29420F5C1A598CA6C,2,0,2,1
12952E8099BE21DE583FD1CAC6B90BC4DD012F4B2B5C157EDB318B34C07C1995,21,0,7,4
12A2109E9BDC2158265A5039264FA1C096979C56BC2133B5F77F37F0FF7AC1B8,15,0,0,1
12D944B3B77E2013AD9165696A6CCFD93EC2AD8DDFA65A9559C3524EFBFB15E9,7,0,3,0
12DAC429A1FC8AD89C56A56B769B9E36A68B6E0073CE5D76541BAD78F0D03387,11,0,3,3
12FB1925A4EEF49B1863573532E9DDE7CDF41D6D220C28221EBED9A8C6B29E8A,8,0,0,0
131DFEF438813E1D826ACB1DE0C25D2633E7E61582C5B990BB2BCBC434AA767C,12,0,6,8
13821B8CE7484E5DEB18DF17BEE0178C28DE6F798D600A851A09090C5263F,9,0,3,3
13A8790488E350F0FF726242189D21F6CA7B61F49FA95C0F1C4D7D01F7135228,7,0,0,0
13E039A752F826EFE4470DA2D255E339514FEF90EA87516F3E2805D316129445,7,0,0,0
13F44F41E347335D4F788FA35ED5DD3A1AB636951868B53F4A00D557B55F0014,13,0,2,0
141628998BF8C8CFD304341F84931F63D8301B397FEE1839766579866FF08751,61,0,3,5
1479457B077F7623C713CBEF4805E22AD1D30DB2CAAF2D340072828F988CA5F0,8,0,3,4
150354E5D07F50B30B73F6C9C4F410DB7390612DB23D6C0B9256B66021F90BC0,9,0,1,1
1511DC4B39901257D960306E452BFDD44BF2886DB96CADBBD492E8448A2C,6,0,1,1
152FE2832B1BB0D5ED823E0E6A850C5E3137DFC98F21BEA7A977F89926041A70,8,0,1,1
15684BA017F0B1A409EBFB9D2CCBAE7E0CFE507418D33086AAB85C7FE1214C95,6,0,4,2
15C41D579130C273C4843C3B0866C752C25300B60ECBA8C65BD38EBFD236AE84,7,0,0,0
15D1FDC4B27509DF6D31F851675D03A21939A165B2011BFE0DB5EEA69BBB6B3D,4,0,1,1
15E486664AEBDC187052871FE33CCB78E2D700D3CC88E56CAD2989F8AA5055E2,10,0,1,1
1612D01D8264FFD5935190AC97F5193A095BD040CC2962ED46DA4AA2D537AE07,7,0,0,0
16B8F15A846D9982E4A63DA575C5DEA5F1A3F7D967A257E13957E057767F1F68,7,0,5,3
172617B1B82E518B082BF7B631991EFC7C5C86C09BFA95475620F497795CFCC4,3,0,0,1
1793455F64AF7E497BF4995C4487A33ED931947A15DCA8E4765D97250A723876,10,0,2,2
179B39FC8B05A12FAB754A683D77B76FF67C7915975E61976FB95408AEE0B,7,0,3,0
1817216E47D62F274374E01206D4DFA081CF6B90F27CBA34A2B3DA2ADF37B0BD,9,0,3,1
183C9BD65E2E58DD89C5914B4B98D0F38A10EED06F1A221AD2DE171A891066C2,34,0,0,0
1852B1BEE35152200BCF1963DAC3461CBA616ECC1F69B9F6052D8E6280D9CFFB,7,0,0,0
187142433921872121A57525EFD6A48380F65FA86F45B554F65200A7E527,8,0,0,1
189A69FAF6AA906FD97EBCE02DD744D89B18BA852601F92A06F4E8896BADBCCE,7,0,0,0
18A74D85CE3FA05A621845B49225560F906C9586210A40E3649616092618DC49,12,0,3,2
18AD38C57A257F94377DA9A947F4C2B34412C26B226D2E60AFAED16DEA252B00,29,0,7,14
18ED88F6A7436FAB2B188AE57A01F5A32736AEE0E1563975AB947EE5CE158308,11,0,0,0
18F294AD0E2941F961B387B1D860043BB7D855EC3C3DC9FECC3F9EE2B89D214B,11,0,0,0
194068710E21DB396826059D7E1336AB193B62ECF6A6785C18A6F70BB7240E1A,8,0,4,2
1968E8AC04E65E6C200EDA249B5B92F836DDBCAF5ABCFFFED1C2E04B471E6895,16,0,1,3
1A2A6761A1279BFE9A352381DD66614B466B19AEFAF17C300536BE8E4BE0B0C5,7,0,5,1
1A2B969BA56B3D3473FE45F87A04FA9610293E2CCF687B2D1D71220B8C765077,14,0,2,3
1A9A75579366F1D2DBEAA6D2423819D874537973815778EAE3DEBEF47DA08A1D,8,0,1,3
1AA440DF9864704B99E5B209EDE75C6EEDF79B4A15192B3AC7B1EAAF3A7EA884,25,0,0,0
1AC81207E56A14D1BC14BA4D3C0DD52260DF4684B017EDE12B362039B8608303,8,0,3,1
1AEF95B2A9CE7AD863940FF1799A0922B015A7924397F6259C08011D9E4071D4,5,0,0,1
1AF33FDB847C2D38096CA752A6D959087FF4D1283294EBDB9B26DE67D5F66A06,8,0,2,2
1B49BD5522D31991E726BCDA74D2A4335F56568CC3A51DD4C34A85E2CFE52522,11,0,0,0
1B75C4ADA8FD41B41F07DE39040F9B8B5F61D01933365DA0FAD094848922A6DF,2,0,4,4
1B79B912FCC32E895CBEAE8D629245BBF04ED1E1C78833A3561CFB4E4E9,14,0,0,1
1BF50882AC1036B46F5D2DB70CF86E4BEB44B3BF95F564CC1173C1A6C0F6FD37,4,0,2,1
1C31D50DB2ACA2C03836E7E0CBEF657E97EE8DAE70758C58F89975A11FC0B6CA,3,0,0,1
1C4AE702148604DC3CAA91E9926FA84064235017084DBE65E53D0E4D382CEEC8,3,0,0,1
1C5A89EB4638229DD8DC6D4F55BCAC8D565D2FEF20F6BEFE52270D50973B6151,17,0,1,2
1CAAFEC72646035FBC490EA318525B02E46B5FCAE5189912E478927B3D215770,15,0,1,1
1CC755BBF52754EA84F005AC7267E6A82D0DA1E4B673C3E0C95C3FA7CC90DEFB,2,0,0,0
1D1C0979818597A7A49CCF6E7D7BA20A7916E97B1D5BC9F588F7011AF53D13C7,7,0,1,1
1D1C3CBE620CBA8310A46A0A2A1FFB3B308DF44A8D90EF3A1FF800A504E0FAAD,5,0,0,1
1D281A960E06CFB7368F950053DAB1246B89B99B3716E7C38B705E6BDA69B9C6,15,0,0,1
1D7870A2695DB2B9EC1A294FBDEF7BFFF504E53349BF98DBD02D6DACE97DBCF2,11,0,1,2
1D9E6F9C0038D798F10BF77B22837B45A917AD4627443F7F01C6FF796,14,0,2,0
1DBA22C07CC1CB9022B80B3F996E4F6352FDA076C16966C6F8EFE8B6F0DE45C1,16,0,1,1
1E2490F1F56ED2CA74EE8FAC2DBE5E590F78A1DBA8D7DEA1ADBBF1F707E898B8,9,0,2,3
1E83A89395C3DE4D2F0945E21D3FD6A7324538C0AA613836CFBE212C2BC1D145,3,0,0,1
1EAC7ABECF8D332EB46C304ED539CE25FC1E7327AD3917986D6BEAC2774C5110,5,0,0,1
1EC66993C639C1703E1E708F25E217605ED3DEBE2DC8A603730AA31D0B653879,6,0,3,1
1EEC524AABA93BCDEDA0CDAA7E20FEA8B917E1410391BD8C93EFB705F7EF50BA,7,0,0,0
1EED87AA70B51454BE3E5EB1898633B1B2600DB9C102F80630CEDA9959B66AAE,16,0,1,3
1F1E3CAADA1E029821BC87A84194AAC52077C3D595A444C2990647DC278D88FD,3,0,1,2
1FB67E1524E81CFC2F8285A4B36984A397053A9DDE401F19CA06060D3D7494CB,13,0,7,4
1FB824AC364B812FEC36FB79CA3FC314A987A59227999506FE9C40A80B364480,8,0,2,3
2076FB95DFA7DED872A940D3ECBE89575F8E7EE0F61535714AD12121EB5B586B,7,0,0,0
2078504EC8B08425A7EDABFC1CBBDBF8D93BBA924766A95689BE6911644467F8,5,0,0,0
20D49F5D19D109B306EC74D26809418B77F1E694464F7E218D05C8135D7F875B,5,0,0,0
212AA193B9F5A688A650366970C02987C99D07F6B1E50F04C510BFB74F7062F1,2,0,2,1
213A0ABC71295A8D9E2062C1758B9533717F2E6C01841F768E2E8E1F6A0F,5,0,0,0
213C4B1A573863FAB8BE2C6B79618081CBD4AA32EA81CEBF8359ED24A6E1990E,7,0,1,2
21A8486F803F99D866C5D32CC01C124017CEB20F5810FD5F5E55A3858B5B4956,11,0,0,0
222C8CC0A23029A527685F2EB049747A2F29E71A29AC62C438923621D70ABED1,38,0,5,3
224CE041DBA78449975C3E15BF92240FAEA221B0BBD8A08D8D8FB5FEC46C5BB6,5,0,0,0
22670788EA0108E1E205F34E0A039F994BC94F19563B6F09784074B41F61CC53,6,0,1,1
227BBB7282CCBABDC572A9D9B80B7133E24B0F1E1C4B061EDC474FF3A8512E68,7,0,0,0
2289C27570FBC03A2DEEB57548A3809FC287831C1FA6898D20C20A64509E902D,4,0,0,0
228EB3562A913B827F11B736B649BFB18ED8B6DC5422F311CFC5EA11E5DBAFE0,10,0,3,1
22F078834A344C4376489B232F4C293DDC439033B3FE80600E187F4BCDA746EE,5,0,1,1
23B6EAC012E4C6D762D1B3D5D81B9997BD283906ADA8D8DBF7DEA1D83437BC09,6,0,1,1
23E5705347DB43A8240247E4F1E65210314A6378B8E52292D1509FBC4EA98817,21,0,0,1
240DF2EC4319FD6DE14513227CA12FF50510920731ED6CB8485E12AB22EEBD54,3,0,0,1
243ADF4D3D7F7AE2B490F843FBE10D1487FE941E6175D4C8EB0F163DDCE,15,0,1,1
248E83ADCC8F9E963CE8F2E087024A9DE445FF88DDF204F322C998B73675FB1B,38,0,5,3
24C0DB6794A9AB7EF7FAB4AC19B6AE78B81C8C5D35D4966EBBDA6A6537D2CCA3,12,0,0,0
24E7E58EAA961D97B7ACDD086AE5569A01EA4B8B8EB3945D35EAFDC5476B9893,23,0,0,4
2509688D67B384250A9BEE9D2655AD70287CFB5B6C61146A1A58959414F69956,12,0,1,1
254FC5E52B1702B2B85FE51234176113696E1CF4D986AC51D83F3911F2F2550D,21,0,0,0
257762B21196FBE5189273D7939879144A38775CB0C54994D737516781548948,5,0,1,2
257F555C79947CA94CBCF9A864B53F2AE26C371281972C300687DAD3262FB2EE,43,0,2,6
261FC4A8CDCE8F1F60F7A370F03808CC55BF556AE11BDF07CC6B251F6E6D17BC,7,0,0,0
2622BD17D74848AF5B176280475B0FB14D599BEEC8817C3D0F699CF66746EDA2,2,0,2,1
2669B8183B767C0F766A62C5E39E8414BEFBAA628BD1201630242EDE8ED8EF9D,25,0,1,0
2695549294D72C462009CE710E2C42DBD361CF7EBE1C6C6A5095DED4020FBEA9,2,0,0,0
272623934FDD7F7C0BD067DA679D9B2D392868B59689A38E13728B1BD47A2488,10,0,0,0
27491C3745AB1F2E1150C24D46FBEF1822B51A70234374D04BD709CBAAAC1170,10,0,1,2
276FB0FB8920D7EE349999EB48CAC23B332538FA4234B5BE428609DE7F,5,0,0,0
27D73AFD7F63FD1917E2EC2EA8A3F81FFE4405374944ABE079F792B235CB7B45,5,0,0,0
27F0A1484ACE19692681D3F938D161CDBB943EDB2452674FB13599BE71F9C665,8,0,1,3
281A86C525B6E4956DF8E1274058D6E38667C944C33BC7736EF1E742DDB19C15,11,0,5,11
2825FDE39EF682EDB5792E08D84B1AD86D03C9203683A88BF9E3605891DDD,5,0,3,2
2836B7F65586697351E5BD2A0C6AA93EBD2B0482637BFB10463EC4B55BDAE9B3,8,0,0,1
285F064246F3738F49C9B4F0173512C85C87FAE0CFE2F7917B55D1133A49C63A,7,0,0,0
28ACEC465A887E7FAB0BF9DDCAB79892634AFABB69F764C2B5F3EFD7C8453291,4,0,0,1
28FB52951BF9CFCA8CE26EB02E8970ACC357B18E172785F0ACC3D9CDD3F9A184,7,0,1,3
29873C679C4B023F2AE5335E3FC83B9F43B4647E9F9A7D8C9C6DD5A5BAA80FC9,7,0,1,1
2A09C7416FE5CA92B577246EAD3C8F00D8F31725D194BC90A6F9CC5FD6E6AD6E,8,0,1,1
2A1582F742EDEB2BA7D0A90C0BF4358643612A38544D13A297C2EA5F6B7D86CE,5,0,0,1
2A2C35E7B326CA675CE1AD63E5FC5BA1C8350C15718527E61FE4E198C5293E7F,9,0,0,0
2A5A644E4F41759D3B664415107924648260423933F51B70E1BEC4061115741A,6,0,2,0
2A6191260385074DB57BBA5927F84C54D88F661D95DE6A49338112C988E7F,9,0,8,2
2A93EB58C737572DD375A36F8A5397140C815DCAE05DC80DAFAAD4B3981A91B6,3,0,1,1
2ACF63821C4E698D4D735228EA7FBE559819AE923E6DDB6EA86658CE8725208C,6,0,0,0
2B2FF56BB4DE92AD28CC7773C863D5ED3E12B0385F88023D83320CEEF71B9F72,16,0,4,1
2B5DFD6671CB2765E7232014A48FAC75EABED63E52FA13E107BAF6405E4B6FCC,2,0,0,0
2B9A34BAFB8F75BDD70FF7E4739EE376D16C5C63A8393536BDD0DFD1F4FCA994,17,0,2,3
2BA60ED14CF1E50A22BF1888C0AE76F0ED081DBD4C2B3F4A826FFFABF85E2BAB,34,0,4,6
2BB7655B6565CB481FF92220866537DE7A2605F2EBF47A09CA15ACDF624B13A4,11,0,3,4
2BC7B08EAF2DA0B170BB3117332DBA398B54B578F6054BA07972649F15005119,4,0,0,0
2BD90238F05E75B7E24BFEAE7FB4D71D88D51E1D3E497DF5759E7FF56F53A,2,0,0,0
2C1FC2AA8E84DA7564143F6783918C3D2879E2EE310D062E6B2E4B5374E82F28,8,0,3,2
2C38253B10E84625C8500680EBAD5AB1D0FD8734EC48255671C1D8D0BD440182,20,0,1,1
2C47F0F264E7BF3704ADD37D02B665268A31ADBE91C91A3487F2E38A442504BE,5,0,1,1
2C6B542B30C644BE1840E38EB8ED4592B671E4734C08FE57B315B92299B23A4A,6,0,1,1
2C85C38741AC28BC9DD8D56993763878CA0E052CA5AC5BCDCB57A20DFCF87C2C,8,0,4,4
2D2C183A82B5F13E458946DEFA3D2DC361B6FBB1321FE0535DAB40FCA4B7C272,16,0,1,3
2D2D817576E78EACA2052CABA554FC91F1FBE747881BD993D6335865E6579DCE,3,0,0,0
2D2DBC160478C9C4C1A506E806200C5E813DBF2D4F209D25A7541755EA071EB7,9,0,1,2
2D3C3E96FA992EE4D44262CBA6B0039DE68451ECAA09C5944E8251601B1EFF3E,3,0,0,0
2D4B20FE477130A9DC829D1A97DCECC282B9D5FB7022C5BD4119E6544AB87D36,7,0,0,0
2D513417090953EF4FB37B60EA954BBDE42E0475A9AA538D8466D71FA707,7,0,0,0
2D620ADF6AF02FD4A333955E58FD2EA403CA68E0E7C778B5AB360372DFEF1F82,12,0,2,1
2D68A18241035E2BC689713AB6BD5F032C4828EB2A3A1495F8FED39DA432A,62,0,2,1
2D94AAAF3EA0FC84FD9C63A9C4EAFE029C3710B98F59C3E0FDFB7E4A2DDD1D13,17,0,2,1
2DB8FF83B2017953412F28D9AABDEDF9FC736411020C48A6FA37A5334765BEB3,2,0,0,0
2DBA11D4FD4F9FBA9B9F7D4DE887958BA8CF1BE2BAC38F89DCD31084,42,5,8,2
2DE4216275EE614C108AB69519E97C7A9FCF50B9593557D554749165EE55A4B5,33,1,3,3
2DE9D0CF6CA3F81345F8167E92076B1F31D60B855ECCA542E1773946DAE56BC5,7,0,0,0
2E4CC3FDB682E6ACBF0A7B0B073E5B60E5BC1491C88A34BB9D9640E98064C52A,3,0,0,0
2F567058774FE18D321F55AB561B6DBCE25E2CA3149110B89CCC6E0A6A47580B,50,0,2,2
2FA98965311190F90B40BDC1ED3A2DC5DF6839502D2A7C02C831E0BAE1266755,3,0,3,1
2FBBA7445BC1FC32574B9359041F5935D692C983AD20C75D3C57DBECE742C4DA,10,0,0,0
2FBBE31BE65AECFC88BF9F321F128F28280AE7DC26117A0AC2C179D9C7521D94,8,0,3,2
2FDDC477385EB064863CA9B107D45BCCA18258B92D771F256223727A0E943783,7,0,0,0
300D8DC0E7A16F783ED896FED9CFEA60472BDA41B66E85A06B6475DBF854E4DB,3,0,0,0
305AE0A5A8041808EE1C8F27C02B75BD5D97FA28BEC0B523ED403A847249BE7E,10,0,1,2
3062607E24E886079DEF06BE5295193B05B7CC9E97AA6FD78D1D75D549AB131C,3,0,1,2
30636A5B89149AA9E9707A108D3A7E3CA19E079420D4F70195DAD0F6F00BAAD1,6,0,2,0
309B4748E9CBFC3E7DF0D9E3E790953B33CA08F7E848D8B27DD83D6597BB102D,9,0,3,1
30BF85CF22BD3E2B7D250D65A7A8F1FA40D339DC6DE1FAF973DB4FC366321E28,2,0,0,0
30C3B433DE3AB13060921D75D20EB1AEDA4F6524AE6C0538B2B86B2E2392660F,2,0,0,0
30D28530AB9BEB6927F6DF1C210AE86294343F34F804BB130E9CCCC2BED02B6E,26,0,2,2
311ACDF699AADB3D4A8F81CF9CCEB024B0996651D6A28DC912649E076FB45D8A,2,0,1,1
311B247951F1F78CAD84C658C28C73BA5CCEE9A0A559825B444FF687E34226F8,5,0,1,1
317D17D3D3FEF3DDB6EF97F7C548FC1179858880B5D039565EDEA4D95DC73690,12,0,12,7
31B2BA2F2C1FB196DD38017134B5402DDE24803F764DE6962F68D2C71EDBABDF,6,0,1,1
320585E2DEA96B4FB82558851B9BB96973DF53789681191B1AD07DDBA5B27BDA,6,0,4,5
320FE7A92BC64CF125B0FC335AF2C9C89FB5FB7A050AD66956E5C8C1108659E6,2,0,2,2
3223905CE527BA0FC72DCB9F3647F265AD0AB619A8E6E88F481515B08851F670,2,0,0,0
32674123DCF6CA985918117E76C51A4E661F8A66F1ACCDD25C71E220B79B1BBA,16,0,3,1
327ED0DC643239F9371E3C68EFB42E22CFF55D3BA761F827C2F4F66800598A37,16,0,1,3
32EF257A2D4997B5264B12F0E89B8BE7F3BF79777CDB7D25B1280F5FA718,6,0,2,3
32EF4FB4380F4FBD038C8E04C3E18A7F53F0E118BF6E6FD5AC8DD64B75ED7011,8,0,2,6
3310169C5E137F2C3E80F546F4DB8A5F069375A198F51BBD45967E252AE1CE68,9,0,1,1
33230FB15FA7D992A6A97409875AC5C2FC88B911B0A809471851182E9C223D43,6,0,2,1
334FC43DFCA28BC3024EE73D5E8812F59AA758C8B19FF889481909F97504D815,2,0,0,0
33D7407C539F6D233B2A6AADE59C61BB8F5C91084EB557BA8CB867CFF839ECA7,10,0,2,0
33D98C178B9F7075A079FB75D451DE2E44DF1607599851BABC4FFEEECF0C3E08,7,0,0,0
340A131BFA98B0AE0EEA27D85306891D057D821576597159FC4E3C44FDF4B0D8,46,1,1,3
340E302A31D88A5574570B4BB1836F97A6ECB120507107289779EC29B025F651,7,0,0,0
34673D6302FE3C6153F359416BC53AE9B2F1DDF4843B9222951029473B,8,0,0,1
34FF80271B6864E437812EDEB4FF7ED465A1D359AF4C2271C22E745C1C6D3A9D,25,0,6,2
35206EAF2CDF0B592B526A698046B2326086B723FC35D6489D86802EFED37370,16,0,13,3
357821D57625A1E3E755A3719E7C825E2B6B0755BD2823FFA331BA81711A8732,6,0,0,0
3579B91319C1272DDA28707674981E28659DA64EF1DA90530FA68CE92D9FAFE4,9,0,1,1
35A65457CB57EA11AD00618450D92EC65CF978E7494CDFACBB066C641EA70AD5,6,0,4,1
35B1AFE579D34710F908AA9A830A655A01870B1346B736149C8BA4160431DD8B,12,0,0,0
35C847FAFD1B9A404C541E62769776352D4589BDBF08645B15CC5AE1643B4B53,11,0,0,1
35F73D79094FD05EF97F630F4DC3E5A7733B9029F6A8E60AEFAE63078343DC34,11,0,0,0
367CB369E9FF5C8EE8D1FBCE4A52924F22378FC61083BDB022F933C77F7A4D24,3,0,1,1
369E03771A77F90EC48FE26315E3BF776D0C411EA0961A7F90B2562F08E2017F,3,0,1,1
36C72EB2A84D9CAEC60DE17505DF31A2881BB2F5213B983FDEC44DA78027A67A,5,0,2,2
36D4FCB2AE8A94E70B7D4B0A7740CE055FB713D286EFBFE59ACF29939C7CCBDA,7,0,0,0
36D9CF9C73D1C40127138C24C6665D0CAC2ACE49F43BE9187A2316CE50CC9413,7,0,0,0
36ECA1FC89C7EAE882E126A9796BB9BB290213B00E4249C0811FE99235E50F9C,6,0,3,2
36ECAB2E30749DF5CAF4DC6D506B81813607402F139BBD88F3D5F0876933E74D,7,0,0,0
3708D4A26B2EC01FD0FD79E674190109C768E6C551E7022ACC240E17B8EF,7,0,4,3
372391D54289D20030FFED39D63825FE0F3C4204E5FB6A62C6265F2672738065,15,1,2,3
375E37761912E1FF6C3FD5C72F8D438EEC4C0EDE4E2AF452CF53790EFA53BF03,12,0,4,1
376B0066E8A033A7EEBA291B8E698661B43B6A689ED56EBE4B4FFD57CB53794E,20,0,3,2
37B2332160BF5B8CC3134A9C93A504FE4EBA6AD7D83701068B2907D80C499D20,17,0,0,1
37C1F16781B2399019AAF2525834ADFE00592F1C62D07D1B0C91A40E11D1B80C,31,0,1,2
37D2AF6588343D813BAC06D8DB964491E04FB933DFCDD7E940C0C47975BDE,2,0,2,1
37D382FAAFCAAD6F8BF5DA383CB8703B7094A045AEAC5E13B5F4225C6272A615,13,0,0,0
383C2C1407D2586B9A4827C253AA0F688826EC16BA08B11937C9EB12FD6573C1,10,0,5,8
385EE0E2EDAA86239A27A4A1430475E7FE31D34814FF15D1A55EAB926746571A,7,0,0,0
38B5AF6CC06948E8BCBEF421325EF4E78369E64D973B6EC6357C49F5EB0ADDAF,19,0,0,0
38CBBA76A6651AD784C82BD4CDC0E28A32B76E969C67DBAAA0F0A25BEFAF0E93,6,0,2,0
39637D501CAC2E87C8A231AC915AA7F1C5F677AD8C3006F52963938FE9A854CC,39,0,3,8
39BCC2325C3304B04FEE7A82B263DCAB978F0053ACEF8DA98F485D35406A93F8,10,0,0,1
3A1ED6ACF710D66FD702688749C460A6142483E2C3E1D78B4205A5A3F4E8E7F5,15,0,6,7
3AB5DDC31BCF4B641D75B9FF7C04EDF17DDBE8505C2A9C25B34823CF0C7E322A,11,0,0,0
3AC95921DF54ECF5E451B6AF9FFE4FDF5DF2BBE1FDE2039E1F929E7B3C5B2EFC,14,0,1,2
3B05EFC0709D9EDEAB16F48C32B0053E1484817483BA6C35242549C79BF32E02,11,0,4,2
3B42DDDD9A888F8C027D2AEBAD1A67B4BDFD5E4729854D2A93EBFF8065BBE122,8,0,0,3
3B57517E301BD483EA5B47D742629427B787995D3A0C6C2331216DB97BAFAAB0,5,0,0,0
3B763FAF12A7B43146160E853F749AEF4111D60710535D275CB3D3E3A10E3438,12,0,3,2
3B796EC7D68FABB1A936E4CD75CF269375D203C12BF741BCC59FD4CE44AE,11,0,0,0
3BBD470C4E30EED2083D12616A5B3D543ADE7FABB9E5F9219642A263F,7,0,10,5
3BD99C6659D541252ABDC0D5D6573F867E841FF5EFF97E616640FEE72A1946E9,14,0,1,5
3BF862B35B68B454EF497B2EA10CE00AD4959EB3A006759CA10BE531E38F54F4,8,0,4,1
3C19752E58195A0A7C7C29F380D6DA03703BB0590FBE9119E8524C5A57070D1A,11,0,0,0
3C5D557B685AF394542E1DBC71B236016787257A379B208A433E0849500EA1BD,16,0,5,0
3CA0D39DE0A97700174BD429E76D662AD743EEEC15BD6DEF62B61BBA210E85D6,37,0,3,4
3CA5C8522EEC1C3BCC44FEFE05D0FE0F1B5E6E0209B271908C761B532D2186B8,5,0,3,2
3D8E0FDB10B9A603E2679E33E48E8A4F442730463B12F75E56FA042C341A6,5,0,0,0
3DBDD3FC916A7F97F77F97CCA9039C242374C17D31034D0DF4DA1848952FFFA2,9,0,1,0
3DEE08C73FE355D023BD8914D7E15841558B7D0E8ACF34F9645F79BADE3C1AFD,11,0,0,0
3DFF508508DFC10CE0EA830BCEADFF474F5F41DD42BBCFD5086F229AFB26B977,3,0,0,0
3E1A142AEC20930E1C19705749DEFEF1C8C1EB806CE184D973F90AB9F90C81CD,8,0,0,1
3E4528C1FEB5AA059C4C651DE5A2E23B6E2201E97811E5A3F1AF1A8D7AF396C1,30,0,8,2
3EAA39F777C615A5D097A453D94A9537B3F5450C92D3ABA21B2922E3EB89C96A,6,0,2,0
3F07204333FEA6FA5B2E2FB5641D98A1580BABFFA0C4B3753B437E44193DA0F7,7,0,0,0
3F7E941FA6A1D5D485A5EC48A7EC7FEA8481CF78E1A9C87B08FC33E741342686,3,0,0,0
401413627B70E4E3C0A5DA8C6B9C4E35B9DEE6E169B4EBDBA063239E14DD,3,0,0,1
40170363B7B24FB97201D0E533C60B2EAD074D2581DE839470B31505855143B1,81,0,1,2
40EF30D25B4A8A7DE8B06C2372C32462F1EAC890DBE7BFE039593F1B7341EAA2,2,0,0,0
41168F36A49131F2860E05212034645A44288958B02E269E069BB4B73152F1BF,12,0,5,3
415037B6AEFB6BD532C2C9ECABF89B28D7423B29487706C8E4A8BA75020F2CEF,6,0,1,0
4298D87ACF097CEE3D5B5FC37FF69C4C3D501D592F00573CB9CB60AD7D51A63A,22,1,5,4
42B59DF1E2F169EDD662EF1CC8AEB64C337D3DC1AE4BA5D95AF14EFC101A34CB,7,0,0,0
42E8B2E2E65A0A489D4A52DD58A2FA0FD48FB952DBA16017137D671767004,9,0,0,0
42F23035F7A77762BDC844A776D2F63502F1AE65B152F5A54ABAE63C9C8BE,7,0,0,0
4302F5D4AF24BD8A038F8EA73A9C478AEF083C98FDF54A68E82C93B5F483BB65,33,0,0,5
4349E8B75E106A503067D7604FCB1E52009E1BDB21FDB926DE7DA56FD18F999D,10,0,0,0
434B36D8A6A5AE05B81A176C4AD88E631B1C0A8E2014BEED90C992A4581B61D0,7,0,0,0
436951165B667BF3CAE8B3A5BBC88517E3499E074C8BE3C554795D8683405C90,7,0,0,0
43CA2C815FEB05D93ED0CBA3F4374B7C851EB7F5BAA1B5E160A71E23524,10,1,1,1
441FC52121FBF42F3D0CFEC1CE4AF12CA8AF33FF7EDF48B50A1AD764D679572F,35,0,0,2
4465602BD2C37DFF6819798831828AC0CBB70614874AFB179A8EFBF26E538411,2,0,2,1
44A0F00A04D94535C3367D36005A92F6C7A77B40F01FB3290F91A1205522F998,8,0,2,3
44B5DDFD076E810DA0D42EF67A3F9414E2B8D33E0CFDAF308C3C468D4A21649F,14,0,0,0
44C361DB51AFFEF9A7C1AFCA8F01D12828D514D9F9AED5A05EA69ACC06C48EF0,15,1,2,3
452B25F223AC1EA7F77BC9C78FD6BF8BF444B9372A8DEC111A01827AC8A0C0BD,18,0,1,2
454BBBA310B426DDC1C57C54BDA8173F05C6551A4F3EF1092F68A73883FA78AD,10,0,0,1
455261269C16557A8A9ECE68EA75A414F621D7A6A96B78DF6A084C6973B8C,5,0,3,2
4571AA58BA3143347598E45BA0C3B726A5B033416CC969A8EB539321BAD32ADA,10,0,6,8
457EA520893CB96129282642FA4FB68FD4000BE0B55CF52EF2CB4F065C4F,3,0,2,3
45E1EA5DE528EFB6FEF48BF9CC476C99FACE1B05206F120DBC56D7D6534819F4,16,0,1,1
46AA8AFB8BAEE77C95BAB6D8EED75109B1C717C52298209ACA3C7B1F6720DC83,9,0,3,4
46B4B6610BAF0B2244A9B4C43A7D07A44EBE253EF6951960A7F4CEB77A62527E,3,0,0,0
46CF2C859A89602B6A7244D307F3E5F90DEC0CF114F7F0913AA55697,6,0,2,0
46D94B3891A4471F189F8BD490E175C8925E1E90B78172BA4D3EC107DD1554D2,6,0,0,1
46EE368A7D65987B438A1FBFFDE9E69A28883C4D98047BC828AB6990AE6AEDA0,4,0,0,0
46F738B7816ABB6C5FB679A70C248D0D434705FF1E5E5FA43F4D5F6279A8E49E,5,0,0,1
4729D1ECE03DF44D7E3BBC0A27501258A324469CC2B53179DA3299381567E405,7,1,0,0
473E07F04C7D31FF709FF6265465FF86DE0F7CA4FFABFDD8FB82E2,10,0,0,1
473FDADDEB52B5BABB9F9A1A979C81235045E0500DEB6760485E16F33F507C55,3,0,1,2
478FDA44CBE4ECE2931EA0F3B244B522B9638CA55C8592756AB092E041E52E34,8,0,4,1
47B6C5B8B948CCF8626227ACFD13E316AD051388888F64346B2BE54A8373FE30,7,0,0,0
481D7452C053456F5D19944AE081CB87526F3D4E54DFE5FE6D2DFD2A0C269E24,7,0,0,0
484F08708F129A1DCAC2197668BBEBE48C210277D47B1D216648252E400DFBCB,7,0,0,0
48A6F8B8D5234F2870430AB45808D9FC6B4B1131D977D072E806F9D9,11,0,4,2
48BE936B9DD148474178E8EDB4A72418B69793F5CE8BF17E0B911565CA80A797,7,0,0,0
48F60EEFF33A85BD3AE2524A8A128E81F3E86AD1C84CA0FE8031AEBA7843,4,0,0,0
49488006AA23E3EC907347C667DB34C4569522C1A4252B42BC9066C067C37480,6,0,0,0
49707DCAF5EBFA54131B4EEFF87AD9A86D6D99C2344D76B972C77521F74DE27B,9,0,1,1
49A6284036ABC3674C75AB784639417BE50295037E25B62C96EE42B15BAC603A,7,0,4,4
49DFE143DC62AD64D62BF4E771662514462788D393DAEB5549FCAECDF339,10,0,2,2
4A9E794315A3FCF5295EB73DC1B2FD79202D3BE48C8C493285E23FBA7C2718A3,13,0,1,1
4ACDCF54731C8886A064F03EA39960CDB445D04123EAF1E8A406175EB1F8D,13,0,1,1
4B0AFC064866C2815E1E5529B779CAB3FA7B6849C112FBBB8C0D4CB96FC69C45,7,0,0,0
4B2EF8312A4849442DE4C8B35B9B1B0C66930EBF896F8F9049C20AC65,11,0,0,0
4B53641884A998F3E5B0A258D05D3913C11AC14CC145B297FDD29110128422E7,5,0,1,1
4B885890F2438DDBE8D261F3C5C8FDF8DAEDB65EC27BEDBB6543E2012009856F,5,0,1,0
4C1CDF629F0B8BC7673408199B5D7521C22805F0AF1D7F9B69AED12C4839B867,9,0,1,1
4C38590C47EC61FA1B1AD6569FDF4FF0C603F4A15AC51CDABDE66B89DA4F1B89,11,0,0,0
4C3A46FBC57DDC51DD161DC3A168EEA64A4401BC91A293D3A58DA778B1F756A7,5,0,0,0
4C47F46462B6C7027ED80112A784E85906B7FB26EBBF83EA658369AB777C3A4F,11,0,0,0
4C9556EAFFA94BEC9EC23F830D12DF40A83B32B95C5F64E0E99294162E27674A,9,0,1,1
4CABC43275C271119BBDA2055EA3B9C5B780B1CFA3D720FFA5E731D483FBDDA6,3,0,0,0
4D0E79485A5E2C1BE11E0F954B052E8674DFE0736B807AC70D9AA1F90B68FB08,24,0,6,9
4D9F54C0B3F5BD5C544D548B131D57F47629B43388C3877C3B8DB5F409F5BE0A,5,0,1,1
4DC098B9ECF68F7C96E3FDE4CE88EDFF4FA1A39A7B1D9EC640CDDC7041915CCE,25,0,2,5
4E51EEC69AB70EAF864ECFCA349783B3374DF1CAAB6222E530BFC6423073FBB7,9,0,1,1
4EAF804B9DF90E11CC3F1FB9EE36AE055634B6865900C0C08F80456AFA3D00B3,24,0,5,3
4F6989834073B500F86F7DBDB3D3CF316F9850615EC4A35C75C600177143B,6,0,2,0
4F8547487BDA3D0F2304D2C0FF1275607D4EA43DC471532123C00F3357B0ACA1,6,0,2,0
4FA70CBFE1BF8A6F0003BAF9C1A2AB06F85615FFFD420A4A99D8EBAF2D84E270,5,0,0,0
4FFB321083A6C27A13DDD92B04579661CCDEC8CE69F13B4C76AC767EFB0C,3,0,0,0
500E9FFED4F0738B07E21B7768AED007946B8AA13FAB67CC2A4DB540BB327A0D,7,0,3,2
5015F926D3822488F7D67B096B4B3956F6D6A6D3EB7D64E837A208CD2876C,9,0,1,2
5107DEDE507180C8458C4E5F87E27F580521F365A54D9E71286ACF0E54DB9E1E,6,0,1,1
51701D29208828E7E1136DF69320BB567C8E72DB2D348947D05A2D229B472313,9,0,1,1
51993CCA93A7D14F7667A6234B436FCBF88895478A8AF773B42D3DC42BA03D2F,23,0,1,2
51B8567A60EBA6ABA70E6D2FD72F570E492473BD9F801E07C8E6754904A54647,2,0,0,0
51C3E50D430B20200A2BF2E5E0814B814B7F0E4FED165A0326DFB52A507244A5,19,0,0,0
51D976C5C1335B719C68DD6E759BED31CC5F9178D36E22C59270896,11,0,4,5
52048423E50D71530C2D09DFB67F1544620E0D9F8714C87E6A583433A700E74E,4,0,1,1
522D9630BBFD2599EAEE00D2B0F29E239865ABC53C1F3094CEB9B552D380F3D4,4,0,1,1
5246219A8046A23FF82BC9DF514178023F8ACB659AB28DFF01B3B044C2B,4,0,0,0
52468D960BDBFDCCB3364E7D9CA3A0B03F5FE0B16A35FCF9A56133FE2BFE3B96,2,0,0,1
529CEEDA10A064D8C513A37562984B04BDDA61374AE833174C06B2937F27713E,14,0,1,1
52B563E039FBCBB875625F2D8BF27A491C31867C1CE37C1148A267CED9923C2A,6,0,0,2
535B5B9DE3301954A99A1BED6A0A878F496CED667CC4288A95AD0200400FB352,11,0,3,5
53622377BAF4B7A5FBF30C938E5378BA4E5A8D66BC9B7ECF830D6E5D2F08D8E1,5,0,5,4
53DC2935EE199D8D7EFA38F66823BEB4C278167060BB1083C336049C946B726F,7,0,0,0
5448047BA0D83477C758D42558BF87892D3A3034748239BB59152D20C87F1DB2,14,0,4,3
5454DB047DE0A26CDB5B99DD412CCA58E83E26D89D457C0ECBA8EDDFD37,4,0,2,2
54E323C1715B709542C94EFAFF6EA9A184BDA9F05F565539C4EEE21AA1FA3F8F,7,0,0,0
54E578CCFB558355CF73A0DEC97C79D71A2131D11BCC575671EED34C7A83B098,8,0,0,0
5529E059DCC5AD8B6CEE5C97B29F3045DF47C5A035B804D534265588D04ABB80,16,0,0,1
553EC2891B54D167997D324B6D2731250D7A7169B452A6CB540FFFB7889BBA7D,6,0,5,9
555095D37D0CCF07A54FFB7AF594734D614AF9DFD450F991AA0F22C2E7260,10,0,0,0
555EE6CBF17751D8636C512CE413D42535FA70B977A86F344E5F7067F092A,6,0,3,2
559ADECF738F918E20FD135982ABFFD12ADEED95479DAACDA4E6D97B9825D207,9,0,1,1
55A25F09ACAD7E193843C39D26328C940628FB13CC3E5E5833973FBBFAAFA939,9,0,1,1
55DD0D1B91078B770A05906536BF447D48B33A3A1E3FAE9EF7F4ABEA46EBC37A,8,0,0,1
5616D02F3F762FC7F05C4E5A5E88C5EBA81DE476366E6E79A973D150268B1BBA,17,0,0,4
563665777CAA3C4A909A7456F80D32CE1594D1036E2E57FAB0D43C95E05E0,2,0,0,0
5669DFE612DC1713ACDDB9987910F3EDF9079673D59332C9355C90C61B2E8F4E,8,0,0,3
56AEA3B7B04227020342757F0DD5D646735B0E50A44DB5A6CBDD0DB14571C69F,2,0,2,1
56E3B6BDB0FF99B29121E3A6E854DDA9647EB597A9C66A7B0E0B83D2B65C,12,0,1,2
56E7AA396CAAFEC7D099B5C6B845EB974132417791E96FCA87175BB2D683643E,7,0,0,0
5742909913FE0D1D2631BAB4F4EDFF1E03CED1A333D706D3CDE8309F1CC27,6,0,3,2
57444D99E446CECB94705366579841755E5B060CB2ADE8462DCFCA85C50CBFCD,2,0,2,1
576DE4A2D718FFFEE5F07130D38503A868286778E5BF4B7C8BF005C29D93D07A,4,0,0,0
5777F1697C873C944ADC5BB4FC6C0A0599C9B774CDDB9F470BD53FCF5E8A5,7,0,0,0
57B0D4D323832A311E2E3CB2A4D3096F988B597D8DB185E958A620CBC7D2C75A,10,0,3,3
581A9A2B48548E011F25CFD0801790959C8BEC1A81B87662CB2CB6CFAC13F,3,0,0,0
581C86793D1B6DC9BDC75EB772F12B8667789F6FE8592DAA9B4D8A36E54A7ED4,3,0,0,1
5821C7C813E653E9462FDE0669AFDA0FEEC27595C59D8070DB747A8B70013546,2,0,2,1
582DE54CF4E74D2474D47514393E57F55E251586DE0B5BE62C5F82B6109520E0,11,0,5,3
582F696DF2143787341810C4787E4CB4BF6746EC2C967A722D9995B4F5C1D2AA,4,0,0,0
586720767B0E10E243F8B7AA67DA6B93E04F4069A987A71110509A0A8A87D329,5,0,3,2
587908C9947094FE5BE83116C356FCEF85B1F0B474B865B8CA414C53254D944D,17,0,0,1
5896A3D47B5CEEAAD8C69D9811C79438233EF78E042EBEEFF807C69B6EE63FB2,5,0,1,1
58FD1A97F75AAE87642F7EAB6BDA6C7599AF0B144434AFC8301A0294AE47E7AD,10,0,3,3
59B0D78B42FFE5940983878F7CCB20BCFEA2967F2D94C4238B05FE14B3C6E07B,7,0,6,5
59B2050B0410DE2908ECF23FA34D992DCA5170481DFCC7BC18C89E2E621DB479,7,0,0,0
59D788FD7D738A73D5473C5A2C6DE1B0C9CB8497154AE692A0D39103528264D4,7,0,0,0
59D7D6B2F4D6A75084A2F2F0966524997C234467A1C3C5F7059E4B7A314FCB8F,7,0,4,3
5A496AA3577875B3DCEC2DEAD5C572177B1B3331582B639D54B639E0087DDE08,39,0,0,0
5A6BBF39D7964FE0580CCB8BED0225BF420E273796D08DF634349AB5D7,5,0,0,1
5A7C412CB8B81BB35866710805B4702C63BC857E91CB8FF41619F3A28FA5467D,10,1,1,1
5AC1FC6FB0E7CCF70B0FB5BEF5726B134F220E56AD58480E3B06C2C03CF2EB19,7,0,0,0
5B42432AAD27746F04353FDD70BD8C2D979303EAF367DE28D88F6B0CB72DD9A5,6,0,1,1
5B43A95A933BA82318C86866E6A143EB4C5A97E318C94F07F684808C1683D684,5,0,0,0
5B882CFB9434DE8C4A4A3925E4080A5C5BD97EDAC556EB31D60C6775D36E9527,4,0,0,0
5B88760C77ED88B70E378F2168A228B6D74E768E946F2276F57BF27E4528298C,5,0,3,1
5BA9573473A1B67DD43901B65D4B795A20FD5F5E879BB92627997B42FF1CE234,6,0,4,4
5BC23138FD301B7F293F9B4EFB13D72019815D64695A6F9B694C23C33F1442B8,17,0,1,1
5C99A64E2891E91649C4ED097F377BDE4D78B2C8A1264A8090B90FE16B2AB,5,0,1,2
5CAC8DDC68DB7667A97667616206A71301F58A2020E31E6D47656B919BF31871,6,0,2,0
5CCBA5582F0E20F367AC95810B6C094230444DA6FFBA35DDD8441D5A4D06BB6D,9,0,1,2
5CDE9FD38755FC5D17A7DB8DB0D10E20CC82A7A4DA99B8615BFB49F997631BE9,2,0,0,1
5CF6A54239EA8C37307975B3C8CECE20D874CFD11C1456641D9A617A65335502,10,0,2,1
5D4ED9F96C5485AE43CF4F62CF39F33E2156E665CDE067A0347E1F0DC1DA74D0,33,0,1,1
5D4F7D3CA83C759292A3B67A054180E73506F9A51EDAFB6A52EB85E38AD71E3A,7,0,0,0
5D541CA1DB759C2BD426FD210B9BB69568423EB2A3A996926D9398FA948006D4,7,0,0,0
5DBB4DBC50C09BAF991D4EA7E3213B6CF0C8C4C17BEE1DC78A1EFC8BAF3CC619,2,0,0,0
5DF3FE407EF23FEA412E50B65A073D24F2068253544F5793AFE6B781D22823B5,5,0,4,3
5E063F97DF16FA7F8A44A7A6BF67D05615715543114487ADC88DD349A8F22737,5,0,2,3
5E275F0DA9085AB165A462E1DED91379CB26E527A1AF5001947437C236A4B8C9,7,0,0,0
5E3C635E60E8EA168DE5A5B7BD6BF74410AA50AFEBAA04283C242D5EC179A652,21,0,0,1
5E5500744F9A83FB32B925B8A8C2240DF5A32AD97A9E8A2EFD2564C3B9F43BD3,8,0,0,0
5E67ED15913FD721376C10E4616658B91C428A94F626DC25B3AE569D4C5D440D,4,0,0,0
5E995EB99455CCB56230D6742A0874A98142BF012627DA0E3811551293591E2E,2,0,3,0
5EA0B21CFFD5FD1464702A0F704705E6B521EF5F578CCB3FC1EFDF16D835CADD,3,0,0,0
5EE019CAB929630E212881EF32FB85C26C886168652072685CF1DEBA4CA10028,17,0,1,1
5EE2BEEBCF60DBCAB19C8908C9CDDFCAE34934EEAEB54B4B95A01FC823AADA67,2,0,2,0
5F2B05A85AB5301500EEAA3593C744FCC9E73449A0A6BCE6764E1BA74A5116F5,3,0,0,0
5F7A40015A1F3F42802424EC776799F5E0960F19E9BF8C86298AA5CFAC116BF6,13,0,1,1
5F8CA1C3F76555A8A7B71BAB7942DFCAF2741FF00A9337C5AAAF592276D64DD1,13,0,1,1
5FA1484463BCE62952380254337CC1E8D58E68526E4FD748391BFDAEAF39D784,7,0,0,0
5FA4FCDC53B5C5F465827FD872F9C36181D94E13605BDE8167C073AFD9DD7169,32,0,7,3
5FE5759F13FC92CF266970D9F59020115FB06F6CC282A353F6F59ECABCCF076A,4,0,0,0
6005B28B5945B365FEA9860BFCFF163157AEFEE7D3C4E9F1BB3EBE6B65953133,6,0,0,0
603A276BF8553702E55652F26C4518532223C13115439C9F618A082F7F3CE700,8,0,1,4
603EDCFEE4C88A0F8000AA1A4C688FAD1D6977A08CC8A0610B9B26BA974A9738,14,0,0,0
60E449E2C823E32B786FFD80D527DD5E5C0BDB4413EF655B23B412DA81349,34,0,3,3
611E5397C5C97D96DF9629330718567DCA672BBD5A428F1329210FE30E7CE7FF,6,0,0,0
618DA87B216AAA94B2A1E9B9CC72062F3BDE4AF1EC8109C77EA387D44986B,11,0,2,1
61EFB5EA60BD3569F98A879797EE335EB88655556F299E5F64F31EC83932943B,3,0,3,1
6219E1C527DAE00171BBF7A08964D771B0F47C64497DB0F5A7627D32D7659B09,17,0,5,3
626204AB47EDB8224D72E38A915D2F16CA09C95D1F3DF402E7A74244385502D1,6,0,2,0
6275B48548E705916F7F84EEC52F04886B19F2FA91C78804FD43C94471066E18,22,0,4,3
629443A19F261E4C2E3289CEC0DD0AF029A49575F21BF9872AFCAD572C86A71A,36,0,5,8
62A2B84934257B571E88AE170402EFD61E91AEC1193B1F9EAD4929896F04C0A4,13,0,2,0
62ABD0A004A5262046B83C27C74DB0F6B539BD901D9A55F78D4BA53D15BF4662,6,0,1,1
62B888F4E3C78C6433948436E8A8B6929DF414DCC32B3D1A26566A614D6,5,0,0,1
62B8B226E0472B8305B3B79BF22BF182CE4E6572209514A877ACA6B9B27B76D3,2,0,0,1
63309B13E859CC69D54B72CAA384DB5A9B011C556B4357D7C37F8120133EC49A,4,0,0,0
637CB17DBC1803E8EA6676B2D2877E58937B44FDA312BC993B8FB2B78E1C5C0E,12,0,0,0
6447ED2ABE5AB3827C519BC1EB732159FFE284BE73B8780F294F562996DC9C47,9,0,1,2
64A77E654D5F4C183182628EF446734468068FD5F9AF99BE5220BB8F25036192,10,0,0,0
64DC41F57B24DB7D3C4C7C48A75C04440D917073AD1D968444D65D6D1AC58934,2,0,0,0
64EFCF94361F3F2FE0696986919A2DE24E43B4CE171527DEB8CF0D1431EC4D2D,3,0,0,1
64F894BDC9D815B7DEC4E16C0CBAB22F6AF9F785DED6895DE60687760DC8CEA5,7,0,0,0
6512D0205FE0D6B831B5F14536D99025D2B376199B37492F1F5138624EAA5369,15,0,1,1
652C558585CDDA57D3FE3C1F0A936B4C777CEB1A409EC4FCE2FD4BA8F50D251C,6,0,2,0
6542E21D6DAF171B04D35ABAFD01CE82D3B2B282877B0B530B912243615E532B,7,0,0,0
6620305CB343611E955E6B3C5D097F2A7A7B649EF9A505D900F96FA5981B8160,7,0,0,0
66274E9EB151A3EAA1978702C4D82C5A9CE7AC027C810D55B005CDB4,7,0,1,1
663C0D4002D35D7C98FB2683A4507DB920455680A89D28D0517BAB099FAAE1C7,14,0,0,0
6653BC74933431D13A4419FA46DC7F30394276C27144AE994065CC8265057320,14,0,1,4
669378986DE5EC50926D01E995F055A98A5BA983D76C16818BE9ECF38BC1D583,11,0,7,2
66BEBE8597D53003C1C100F44E41A1C977F7B7272465C6528338F4D0B0C38CB1,4,0,1,2
66CA079DF04A860DBA13FEFD7445622F8EAEE9A820E6281E5060E854FAFC3538,5,0,4,5
66CCC9172FAF81A2E427865D21CF77AB39658D57328E1A9DDDC1B63D6AA,6,0,2,0
66E041F406617DB45F8B5CB86052BDC71BC402C65C37B82ABB2F3A8E3F098844,5,0,0,1
66F0DD074C3441C786DA8990B65D897E19DA5F224D6591D9B1D2D674E92B69C1,3,0,1,2
66FE60742C565292BE70BE4C91F3D3C3069ADF36942ADDCB0A818ADD07C495FC,4,0,1,2
670B858FF3ADF74C8E1492977BF21824ED9B194C0FC2485943C5D0F65E7BB810,10,0,0,1
6716EE4CB772B0E4DB7CAD9A89040FBF300D068627B6324F5EDF08889CF,6,0,0,0
6724BBBDCFABA92714EA678637700F266263CAEEFEBB10F913D1AE41FDF4C207,7,0,0,0
6727F7334E3896F61EC5AB9684D42E300A77E3883687CEDE98973781DBF0CA6E,37,1,2,2
6778392D040AABE4A5BEC2D168635B579BA5D7BB54610D70E6481019B82E4FFB,13,0,3,1
67D2D7F3629AFE375C08869FCF8DB84C62723CBAFD58C205D60DA917ADBCC1FC,2,0,0,0
67D8494829841CBF9BADC471A0613B4CA909E848E825E6ABAC00D054F1D1ADE4,3,0,1,1
68EEB301E8353F6E25FBAF5C25CBCA44763D706CB37BC42E63BA0D461A8852D9,11,0,6,2
68FA7585795A7B91C5D7017D1991917B40774CFB7180118657918B9771EDC62C,11,0,6,2
696B4B057FB69B13654CF93046DC2A081E4F95F74BE582DBF6BE0EC87BBD245F,34,0,8,7
69C6B44C9A14C0E5593364BDD937B11DAC1956889C5DEEBE6DA9A883E873523F,6,0,0,0
6AFF5F19FCC7165B1EE78D496292C856409B894391D596C1B35251699B47,26,3,0,0
6B0D92AABF99A2E21542532D379E49EFDAB360AE789353C7D780417C41839154,26,0,2,1
6BC77B731043D646F9EC2EDAD4CAAB96BEAA2A046DBCA35DE48257090F8BE9B1,5,0,0,0
6BDD6DFD32BFA559533F57B9F1C544A64CB6C2D2FA961511403BA47AD36FCF2E,3,0,2,0
6BF418697E7719995F5DC920D1D85F38F393DBA1F2DE7F99C660B5B3A1E2CA51,4,0,4,2
6C42CBB92D77021799905FBD999573F2DC31D1A8EFEE3851F24808B3215C62A0,2,0,0,1
6D02FF446D405E6484902BED4C62B9502386D1BE27B3A977C322DFFF9C6AFCDE,3,0,0,0
6D13F99FFCE280A11A6E39267FFE126619648303E2F088BE9A8C104751BED81F,3,0,1,2
6D501B31146C265B05A95F9770050700FD9E1F1E68A53D5DC0FE839608D219DC,2,0,0,0
6D60BDA56EC33AE9C54ED1DD2AA8DFA3589C568E75C0844217B88EC4AA8BEBCD,2,0,2,1
6D7748B1047D8B33F3BE08DB3C6EB6AD0D78B9E388C12D8BCF6AFCCB438C5,5,0,1,1
6DAE507061BE44468E0FB8AF28EA7112498A2A20FFB22F529D3C79D99DB08A17,11,0,0,0
6DD907A1119FDF844B074CDE4C8466756230CC8209F3AC64BDF847484F01DF9C,10,0,2,2
6E3FA184D8818FB7979098B24E6EE3CE264B84C1AE70027E8E4680DAF3B4F563,4,0,2,0
6E81F2D790C50D8F17BD8F455F788634D29CE550AD065FE58002B2F4E259220D,2,0,2,1
6EA4E600283770B6552DC8948A47ED5820E32B54FCA2410F05483F06F44068D4,9,0,1,2
6EBA109548D18D936E50A2206C80056858D45B171443041197BA342B115E4D7E,8,0,0,2
6ED52331A788EF18727C8E34746B59DB81ACDB261659934BE63B0266FB7C19E7,8,0,1,1
6F012F1A12BEC0DBA7D0E23F03593D2339C1E7E8AF8FCFF70650C44EA72717E4,5,0,0,0
6F37FA0CB5457FDFBDD661BC95F88FE5247B810D573ECC17B503A24651,4,0,0,0
6FB5E7A992D56E1BB70DBD366B3E2561EEF7F02E87612636DA0F31994B7B52B3,23,0,0,1
6FE69425D80379566AB5AC1D9EB100248D81F3E760BA7E37E03A1045214B8F61,7,0,0,0
700F284F38B247063AFF13AE1A61488F20F2101F1352D079F7BF936EC9478330,2,0,0,0
701B6E746DFB5521C8FD70662945A1AA92980F371662C3BD7C645313C7B03428,8,0,0,0
70207602B186C7DC98638961595F6F51EF7B9DF26298DFC247F02FCAFF53D2A3,15,0,2,1
70382A7F84DE58683916BEF4A95B96885CB0FAF6AD6838D49A0886E9332457DA,6,0,1,2
703D4ED2B100B662796FF376D87C54AA21C7411BFEA4240C1363785E7AB086F3,8,0,1,1
708443C586D9CB14AEA707D88D1115397130C8C0E4D1D8768FF34A66EFB,3,0,0,0
70C0033184F0A49E5C301251B2BFF2DFC7E9D00F1723B91FF06AD9DF5C26F586,5,0,1,1
70DE379D1AAA9EAB3945FE88B52DD1ED29186D85242900000025CB6D15E4A882,9,0,1,2
70EA01D008463FB8CB32922EB46F7747AD8553BB0557E524BA9258388F6A3BDE,7,0,2,0
711BFA601FBC919735558E038A699EBB6D157FFD9470728E71C00D0AEBC05D62,10,0,3,3
72398355F1053F3492F2505D54B8F261FA3D6E38575A44AA548E0C03F2ADF8D9,7,0,0,1
72E6AE9F8D38488CF4077F66DB0F97CEF486A60EB38C593BA82DB77ECD8,6,0,1,1
72F7050E2DF240DF50CC9C44183C4542F938AD423AA763C895B476CF5C2C13E3,10,0,2,1
734DF9C568C7D05544ECDE71AAFDBCF2A882C81B23753BEB6D71F2C9B2A03024,14,0,8,2
73567B5A34A309BD19A7D3481833E3D1AB4AE2ADE70119512835092CEB076978,3,0,1,1
73784453777251F363CE93AC065182FC0207DA240C5DF00538EB76D479EE9C35,8,0,0,1
73AB2997AA01DA35A6EF9BC1F109D4446C70C26653376F9315EF9C31677BADA3,9,0,2,1
74058968B7B082FC82416518FE977BB5C100F7AEB671602164957D8E8D533182,7,0,0,0
7406D9654EB91962C8317E966CAA8F45C49866A0744CCF601F887D0D56DE60AD,6,0,2,0
742310549EC6939473BA30C5A4633EA7CD82224619ADB33ED3CAD2A05E,4,0,0,0
745262F3F945F6CA62FF61A2CDC8E2AB50512C97AB93A51581B2C837A7AEC090,2,0,0,1
7491FCEDD53F43B02F74418EDE2FFDC02ACB3526FFB952B7289A0ED861F08AC9,8,0,2,4
74AD0077D5AAFEA813419D4EC5AE8887EB5A8AE2269CB8C730B5276DDA378C02,4,0,6,2
74D58093A814B07E44F6A8516BF4546BAED9B2BDCFDC0807A3E87ADCA02E89E5,7,0,0,0
757A2D0ABD98CEBEB142F03F8367E5B8B06A9A7F8B5EF63D61C2C6AA38772CA5,16,0,0,1
759EFE32D21738AFE496BC40A34D98BACDB3A8055F800E753C7513A1D8DF949B,8,0,4,1
75DEA91F3816FD036E88767C3A722FC0A5BABA9D5382BEEB81133908DECBF,2,0,0,0
75E44FDC559DEEE1C620E0530BEF8C1E92B9C8E4D65A42119F4B6972216075A8,7,0,3,1
75EFB53B45756694E9743C19060FDF6948981EB8DC4A13ABA6494591FC139D23,3,0,0,0
7603B3F378A1098B8589006E706A8F76D7DD4536B6E10EF6857BA01EFE8BF99A,9,0,4,0
76285E8D1ADD30050C1D51193023947088C984418EACE134482E60C57C6FE636,5,1,3,1
763D9922EA533A07F1181EA6177206AC6AB6FA9A6178DDBADCA40345F3E4DC17,25,0,7,10
7662CBF2BF87B86ACFB40717645615367BC6965000EBEEC71ADDF01BB796B66B,9,0,1,1
76705795E6EA2008250FA861C7553DF89B04E830526BDC9B5BEB86F569F6B5D1,3,0,0,1
76AF511081C3FF121D43735F7AB7224FD6007ADBB80EF0AE294D017B5F59D395,8,0,5,0
770AEFE1AEFFA70155068C5880963EB634895F21B5EA25EC91C494CB72,17,0,2,1
77227F1C25D32B0FEDCC46843AE6744CFD7CA01F1E5E51FE881008D2B8F29609,3,0,1,0
776B902A7C1C88FCBEBD6A5B16F3F1614AE356BC7067EC077CF875F21DF5E222,14,0,5,2
7793CAB4B0651907A766006D8E75BAE833D73079948BAD9522D4B346A8C899C3,7,0,1,1
77A37B68B500001DE5D4708826C06C667ACB3F0A4237991A8AC3FADA1EB24B73,8,4,0,1
77C521AD684B252145487C58F9181F3FA4AA203986382F795EACABDAD6AC0003,7,0,0,0
77C57468C9857C20C69DEDEC214845F6E13F53BD8FF486B58B10DF7629B45A05,13,0,4,1
77EC15873C9C7140A9A40337DBC19315B92E7F93AFE7192C1E74D043B315417F,6,0,0,0
7819CF4D3EA3E90EB45D6CB77BAFBE382871234051BB97D4477F8D3069828420,36,0,5,8
7836EB04DA08BB9E47AA2E3FEBA3109907801DE7A60005710035B5DDC4DB36B1,17,1,0,0
78430811068B5FB038E9FBBA166DFCC91E41762B66150FC935AEA390652897F7,24,0,0,1
78D6CCE81C3C60B6ED982D7112258420A9351F359DB25188356ABAD8E602AD1A,4,0,7,1
78FCC78A3D8266EE45EABB9480759FB145B359C6C79E208499416818D4308B30,2,0,0,1
78FD8752DA47ABADFDA792DC00DFC00418D155D60784391529728B5F23CABE7A,7,0,0,0
79D50593541BBF25C97321F36632EC44A648377C41D40BAAAF5D8FAC40E8,11,0,2,1
79F92739411E5DD629779279E796D1C32C537FBE1DA59379E803B6A7363D53AE,36,0,5,8
7A064F5AA344EF4DC71230D1F78FB885167BD85B9EDF3F217FC43B1A401,3,0,2,0
7A15F3F39167DA1912DB9645539AA28F5713B314AC20BE2E0E882BFC69F33369,12,0,6,2
7A216ED3C41EE5EC41A83D18AE693DD53A88A871FD7EDFB045F9321,5,0,3,2
7A80DF6765AF6F5A996AC9FD347A745FFE82F712E16F7E693C227EC0D6E73279,36,0,5,8
7AA47BFF7BD51429BB3FFFDE1BEE15DC4BFCF1B920BA55ECFBC766F8,5,0,3,2
7AD5B1D8ACADDB8B8B54579C8743FE5DC8FE458057489AC256CABE5CC07B71E9,6,0,2,0
7AF553960D821D0CF36A7783026395C41355A966BBABFC07B7D7573EC306A71D,7,0,0,0
7B23CA153E59EABEA00E13F0D4B9E729D935CCC4FD46B08B7650F4C60D175D38,2,0,0,0
7B43C9D76CA966CADBDCFB4AF4AE54D9728D36321E3A3763BE82D15A68C8594A,3,0,0,1
7B5338E1E7BF8B4816B821DB9ED042ED13CE4F8EBD1748BA9788B070E45BF03D,5,0,1,1
7BDF68693437427DCDAC4DF6DD5B5ADE083BC4361AD717B7E53206C43C6CE04E,5,0,0,0
7C345A0C0B0ACE4376F2F57FEEBA8E0D6DF03AC0E27CE9E9B27D262618A05C1F,10,0,3,0
7C8F424847BA095A5FE3E70D665EADB690A56D19185C7AF67E9F571B10DB,9,0,8,5
7CC9D65F19FCF5818F21CA56F0CAEAEC937CA31583DBA5F7783520DC44D52541,3,0,0,0
7CE11EDDF7859DD26EB070C66409EB4B2BEE301B64824BCEC2634BE1A1852D38,7,0,0,0
7D05B8519F5798C7F184B3F7CF9E9841F6E80A1B263C1F5123BCEB2204BECB7E,9,0,4,1
7D0F9DF0C8F2106369FCF36E38B46B6BF9DDE01083169C122E51294C9DFB97A9,23,0,2,0
7D4FD317B9E19AF2BBC5B707C3CCCA5D504B11371D10E3CBAF0AB4E56D0ACAB0,3,0,1,1
7DA585C724E2B91E306BB22119BC826C725B6E4E5B50D13C7070990DA187F965,4,0,0,0
7DAF8C5F3FE461D64DF1840901B0E27E1C4D5278C145B438B545914FA524EF52,7,0,0,0
7DB1221BA85CFBFB091F85D9418514F9C6A559488AB70BD47FB7608AC311C4F2,8,0,2,1
7DD053778AD78AFA087228657350F519589C7A1C2410334F5B287D5B4067F628,7,0,0,0
7DD947C1DD13E30DC3AD531AE6E47EF3FE0C41901210745CBC56C97A2CCEA255,1,0,1,1
7E5E1502C9F2DB87563AC77F8E420FFE281FE0D02B6773A6F1873D88FCADA4D4,15,0,0,0
7E5ECB4CF24D3F67655D54666FE0F936AF753B74FA83811D80A47B86DF8DFB9F,6,0,0,1
7EA871EDBA75B439036C39A5D31B8E1CEDE3375F808169D3B0392A153345F56C,8,0,2,3
7ED422F9F8D2DACC0F1A053852216A8CF536919E68A5C7FA40C7E2BBDB65FF93,11,0,0,0
7EE0F954A86DB8E2CC7424569EAD1A58FF49A0ACE7911339CDCE877AC9FC0989,4,0,3,2
7F027D19AD8FF4C6A6C74742DED6D1D7758FCD72BDD8B5590053BE65A1D2D,3,0,1,1
7F234BF8E55387289DB9290439FE20F4B163771E0FC7E5FEC54772A22F95,8,0,1,1
7F2B457D5204E4E349806B5DDED417FF1B159D07C75DBCF75B4146593AA35A5F,6,0,4,4
7FA6D2866487E895AC2350CAFF8D3A859F25E132FCC7C6EC5A24B28FACAD4C1B,6,0,0,0
7FF582A23DEECAB9E7779959EB85710F74633F8FF0D0ABEA50BD218BD8798,10,0,1,0
8004FC284541FFBD5168B8DBE818F3C8A86E3E2D7502E39667601EDD97131EC3,8,0,0,1
801E07973D2582BBEABAFB07D2BC9C78FC2803F59843E2F752B1577D04C4,3,0,0,0
8047194F8E5F465CC1CDFFA63170D29416B3E24264A9EDC54AF2E3D43E08BFE6,6,0,2,1
804C13A954E5A658D8083794DFBD1DF9CF583D9CDA6B597375E10D1C6F817747,7,0,0,0
8051668DC4B6671DA7585E30EE059438F425777EFFF22BC3566BAA5615413ADD,6,0,0,0
805EFE3F57084B3273F041B4DAA8E997B190772A5CEF91C8DCBBE7F2223970F6,3,0,0,0
80AE30136EA55E936C66CBF1DE428D8D20D76FEC06C1E4C0217472E6E089,16,0,1,1
81065DD71E8E945AADF10F1ACDBB91136B935DA4298EA49A0968F821A5E,34,0,1,1
81144E3B2CE393BED230769F640557B49D16FF727C3EBBCBF6DAFA06F2504357,5,0,10,10
814CE098FAA8F5C8C5556F8A5F8893530255AFCBBF2BA9FF0DC9DC2803FB88C8,34,0,1,2
8194BB5853261FC4A7324923EEC0D915E7287A65334E563038735D6EFFDD2F9F,3,0,0,1
81974C8AB8C94721CDA59E83FDA9D8B4E8931994041A2D763CCF1507BF8A932D,7,0,0,0
819996F9058D19FC3942B93BDC6070C640CBFC381CB725CE6E568868D1BED8B5,5,0,0,1
81B21E758DA65CBFDBAF707DAE622EA60A95F9290C2DAD722AD2AE97B331D955,10,0,2,2
81E7D2797C309920BBF1A78E9945D5E4F0386ED103E57CFC1BA41662030A91B2,3,0,0,1
81FD2A4C1F608A04C0FF953B36C5362B12EDA9B81ED440C9C678A845C2,9,0,0,0
820C128EC8BFD31F254A933D4969CF3459D34DD2A050B9105AD79F9F9A77F36B,9,0,3,1
8214F5057612FF6F3A0BB6E598C91AAC2A8CADD88E909A37B4BA05126AF10523,4,0,0,0
821B9945F8E8441608DF323EF19F9E32BA737370F0AE4E81EB70489D9B8D0524,3,0,0,1
8265B2E8BCFE0422FAEDCFCBCA4B93B98A62CE4B63B0C048D34F64A8E0046974,1,0,1,1
828214AC464D8054EDB2A832A2D8B976216DCC6103A946D9F9428C538EF196E9,5,0,0,0
82DE8826CE0F092A60D6D1A8CA0CEB3F8B03FFCC91FEA959F7398C7E3DED9374,3,0,2,0
82E4DB9B9CED3A7E76043C1E4ED4FE4E87C947CA225593FC9268F9681049F,9,0,1,1
82F19EF4FB3D2E74F09A0F11BE6EF2CB9D110B76434D1EEC013A1F4ED7A2B48D,5,0,3,3
82F4B0E46267F01C0C6D67C83D98D6B1210E54575B644405F7C831B7E4B69099,38,0,2,3
82F7BD999ED106CA906D9ACF24BC98E0FE0DC230416F52E528E022D2BC4565D8,8,0,0,0
8328EEE4B442D7EFEB403153D033AF7E680FF4F47326EF179473F412158CDDD1,32,0,0,0
838E581C8B7E4C880855144C6943F085C2EC73320B4E6DACA1028E5C42A7BDE6,10,0,3,3
839E568DB3AB9FB0FAA3C0F5EA6A35153CF60895BECBD50BEA6D39C79638F043,28,0,3,2
83C9393F0E8A6D7968052B80FC75950AE19C2895168FBB59D6E5F86A583FAA03,12,0,1,1
83E09415452EEB9A30DA13FE008258794F7E371D54FE007123E7EEC9E4D8A172,7,0,0,0
83EFBC5FB545D15FE596609D9ABAFB9948A0E31D2FC4E673DB49F5AFB73CD,15,0,0,1
83FC2B8FCE7FBA3C9628D14EDF20BDADD7952092AFAD82D71741AAB3563D6A31,8,0,4,2
846F58DFE99C98063F7527986B8C33E077FFB3F3BF44DBF090FA2EA7102EE706,11,0,0,0
8476207EB532E05C22F4FB32BC9D91EA1DADD2790A0EEB5BEB37FCE35C47A,13,1,4,5
855A6355710FC3B9FEB81D7D092712D7BB4B429378B50A054B80FA45D9563BFD,22,0,3,0
856857677763B40881081C1E6266921AC3869BAF8EB9E5953A39582C4540D340,23,0,2,2
85CB92CE0D49AADBF1FDEE67AC6B277BAD246FC63AB4CF7C45741284B093AD5B,6,0,2,3
85D1AD4B9A14108A3D55CEE874DB19C1EA7C40EA3D51721DDB40B7FA91E1161F,7,0,0,0
85D4E6E1DB914ACA9704103A8A28A940B2C9D13263B9199C7E2F0D15D3023C5D,2,0,0,0
85F5513112800588FB3CB59A4EEB2B25F53B1B3070A9E3A7D447A5CD45281,2,0,2,1
8664270951162A4DE00BB9A1815B330EFDDD60328AD32FF517B21AFF16B2D,6,0,0,0
86760303BE96D19898E18EBA2BD4CF61C19499EFE593B7C2BF5DF0D92C227A52,4,0,0,0
8691AECFA4A6A80C0AF85D8BFDCE4A9AF8970A04A7F7D64A665EBD29570A3FFD,6,0,2,0
86974F6D3C5AD8A210FBC344A2539CC72DF40F6199E125B394630441A1C4E132,38,0,2,3
86C7515BFD6EC0DA0EF376EFA72B4ECDD2016C544C8F9D406FD4FA4F5509817F,7,0,0,0
86D84D0D4F0C62D10B67FDFD1568DB84E263203A0C6ADE67B2398C0593439590,11,0,0,1
86FDE6F59EF9A8F762AF7BB62DFC4467CA9BD3ACC63E50E5AB78A7B4487ED70D,8,0,1,1
8718FC3547A3421A5DBFC8ADCDC7F154C377BEA8A68272DD9FDD1283D66A0C91,6,0,0,3
871ECA7801DADA7EDDDCABFD760E1587217CAF7374B64FAAB91E3487D4D3A09E,2,0,0,0
8729845381BA51B2FDE3D60D3ABCE0A7D9BE69CA3BB6B6B66AA1F1B669F3995C,11,0,3,2
8750052FB65D1FB773AE3FB97DB563D5E7082B04EA93AD097BD90C0B32F72754,4,0,2,0
87B1871AA0AE51BF65DD08368FE7DC0A50091D55D79E1D3A23CED28EB71CE024,13,0,0,1
8819384E5F522D12B99AEC743BA85313579B021AB9AA3B02FE6843E608C8B,9,0,6,3
88364C56F80AD837239BFD137532A5A0623CC3F5A29EA97955BDE9A05CBBB6F0,4,0,0,0
888C22490E4936D61C55EF46BD88A7DD8C9738A4D9A41911C296F1B926113D3D,4,0,0,0
88DBA8548FF037AF839434AD6E66D6DD6A190D9DA6E02C41DEAC1DDA7971E368,7,0,0,0
88E073AA0C8F8B94037A2EEFB1EA4B3F2CDFDEEF7DBE925EE38FF00687B78D67,16,0,1,3
88E2245385BD04BA4A550B29F9B83A93E094FF7AED64623E75A89A61656AF1D6,11,0,0,0
890884BA39B9FFC13156C7B8AC6E63E748AB9FF9A3930774EC10382B99AB8E3A,5,0,0,3
8914D7C7017689CDE9E82C724EA0DFC07A8CF278E6FD6BB55630B17F67E5942F,3,0,2,2
89189A4F717C7389BDD026F9BDA3F9191992DBE279CED3625B4A74C01DB73845,3,0,2,4
8A5EAA7B90C396DC61545B6CE6CB4F9E328C27B8F3D71E4746D785BCCC10C6F4,9,0,3,4
8AC39D7857EBEB6A6FEEBC906C6EC851C2BF5F352466B8CB9023C7B2D29E5F94,5,0,4,5
8AC55C0931F56B34C7325F19E31B40E3C404D0B6A2AC5260E8BB924665EFE156,7,0,0,0
8B30464E64B258D7A534EF41DEDB790FDC5BA1322C1F90357AE7D141E5CACE98,9,0,0,0
8BB21B317C93C0E5AB601C27B9CF30434B791D25A520CCE466F2D7533E135D32,22,2,8,11
8BD42A27D86403DDCC284C2CE4F0E158E53D63F6A900D0B3BBA00283206FF8A8,3,0,0,2
8BE77CDBC0E25A1A6342544057F8FDF3839BE43B313074AF794DF36B36F3B165,4,0,0,0
8BF829F2E3D1BF607E5C786CA1F88D94BA564891419B46CA7461AE8DF8AEA,2,0,0,0
8C06BCB3F1C2095C02FAA4377DF40D58E2EB02B720E7A46ABA01598BB5,2,0,0,1
8C2D3CE7507EDF59EB9754F77FDBEEB24522AEEB81C8569D379E5532824561C3,3,0,0,0
8C3ECA6FC471EF420CDF91F4C215E0E25F539DAAA29B2B583D6DA4F8F74CF12D,7,0,0,0
8C4D3B745F91FB7BB9FC849066095E400A6175CCDB0BD7AC283B580CAD05E503,4,0,0,0
8C744DE60885B9D7B7A005A8F202B4B48302A3A1FA80C0073E466A7B7C04F9C1,10,0,0,0
8D75E98D32DD4F6BD5D61A73B24679726BDC0912A637B7DE123826D817DE0EB6,11,0,0,1
8D7D40F84958E6427B1096ADD26D8D0A1D6525B5E38616AE17A2199C78D3BB6C,6,0,2,0
8D98B4D905AE25EE442D6F110602198BBBB386B7C2B331F13D287C96AAD7985D,12,0,2,1
8E2FB95FD5E1E3454124C0E8E4B6C5DB0FF7BB5EDBBEC12E97C3DE31190584C6,14,0,1,0
8E39F0694AB0D2D8C162B555E1B7A42C8B29B7386D17E880DFA41750F,4,0,1,0
8E662A20AD2A049B9B11C770D47C2DB0C555AE2A863C7EEF57A394DAE1D40F6B,6,0,1,1
8E6B1F2A20841E440274D97821D46F5F7586794BF78274ABD23D0E3AA,21,0,8,6
8E74DA0AF1959CA61EFEE007D92C8829CB57D964180CDC4D29FD6C3EFDEF2567,13,0,2,0
8EC511AAE65032914AFF1F58104D807C3280CDD6010EB94BBCC5693C4664EF7C,19,0,6,4
8ECFC8493D66F234CCCB1F62DD19E81CC1B0E57E2F2712C02D4EEBCF2BAA06D3,7,0,0,0
8F1D2146544C37F1D32B2A62ADE9336907A94CE72A22B4272427C8ADC3E60FDA,2,1,0,0
8FDB40C3E61217044E13B64418967892A9839AB24A46CDE5A4E03FE4F4508D87,5,0,0,0
8FE0FEA27D2119207FC1A79709FA41F5A3C2E66AF685AD3F2936CA44F0EFAC24,6,0,10,7
90319CBC2C772FE04884FCF33924F74A732C32324F1F64DDB165CB04DC1E0800,15,0,0,1
9039F1A04892635AA509636DDC7FE2392F1866D9B89661FCDE7F79139D63779D,5,0,3,2
9062B97A1E259C0F04D464231B4DE0E37A30637F77D7A8172D97A6DCB7F5BD2B,11,0,5,2
906B0837005701E5CB45090A0661EDD646BFDC40822D5FFADC412BBB7FD1E41A,2,0,0,0
90ADA522D68123BD816B7C2CCCE48B427FDB31A42D31AF6F08ED25FBF4D7134B,7,0,4,1
90E9D2FE3D1039B12B3D3CFA18717D16A5212A962D79D10B3423E1AACE45D569,10,0,5,5
90F6D0908AE510B86F72DDD5005BF87B729DD0DF17C09E9DBC53876728FE9FF5,7,0,5,3
90F7482AD7FFCC200DFDB444BA539DAEEA55342E5F299D9BADE9A82CDFC47,4,0,1,2
912ADBEB193455AF2922BCDFA5779E29A8050CBD0B40A576129553B5F4723743,9,0,0,0
9156068FC7C4BD78FE49BE13FAE7712D4047BF7D2AF65846A2BB622FE9D78CCB,5,0,0,0
91E73FCCE8074F157B09ADCBE8F2717E5722FF884D526BEA8115D9160DBCE310,5,0,4,1
9208AD04C75EC64F6E58D1277B7B3A4CEA43FA84D2B8BAFDB0260A2CAD353AC8,18,0,5,7
920FA33DB52F0B89AEC3F2BFA54E2BC3656F5582352D6E24F05CE330003F223B,38,0,2,3
924DC2181C9FC90C7A857C1B0912CEE2ADAFDE02F6F456BE9A5646CEE3035B63,38,0,6,2
9268B621565084CFEDA8B5C483D3FC989528351F215F5AF211BB6BA1C1BBB30E,7,0,0,0
928821BE519212BC43568CBB7F6CE45D92F189B92298E06AD6C9B389A66DA74C,6,0,3,4
92D4CEEB3DFC52DAA7E237EA0A63AC4CE7A9D40123F78BD7C444C3949FB9B,6,0,2,4
92F50047A368489D583C151DDB0639C2E4F090701BE533C16AEBD3CA1BADB3F1,7,0,0,0
937C93AF7BA4701613B4BCB0EAAE68618ABF264CF4B4A5CBE88E820E4C702199,5,0,3,2
93A406DD9071A6E71A71B21200CBBE454ADAC937BCCE587DDA1D35C104643593,7,0,4,2
93A9A53DCEA4196E46B45E0705B7852C9D6DB7B1845895064F1081022C432BFB,5,0,0,0
93AC7A7CA2B3C58F84A25B5A3AC8520CB09419C74F00343595B088B19,4,0,0,0
93B5E1789606B93FBFA7E105955666631AC144F6D7DB8C5248A87B1BA3869CCF,3,0,1,1
93CE7790B88906E3F31F43C9D9359BE585376723F11EDF7FA3D0004B522ACBBB,8,0,4,1
9427729F5D983B307FE75B721BA5DD528F6AA34B910D50EBD0592AB26F6C87DF,11,0,0,0
946FA4E1F5DF0F010A23FCC6BFA756AE3DFFDC485F61C0639331F4E4A0008D0F,17,0,0,0
94FEB3AF23ABAE89860557C127887A85ACA91D6D43DD3BBD6F40EEDAAC8C69E8,18,0,0,2
951EEDFF9455DA4B72257483DFAEA177DD8D1FECDD648F9A9461DE00E1DAAD33,21,0,0,4
9521142107EFBB89EE3EE4F0ED665802D0C1CA2B5B5F46BA89FBDD00B2C8DC2C,2,0,2,2
95345694E69B8852AF4AE872E6DA55E086D71A75A3EF82029289E6A5EFDC31D1,13,0,4,1
9568EA69BCEBF6952CEDCF31261E717C3E76FE84DE5CFF88479382B4D9A2A8C4,7,0,0,0
958887784659C8805773177DB7D99ECF0DD8947EC5CBEA3FF4FA04E21503911C,8,0,2,3
958D644B65AAA61FC383F8F1AC58D963BBE94FB85D3E0B8E10D4487C8024A,2,0,0,0
95AD8255C38839F13FAAD108E03F880C1CB839ACB95D007D877F74C8BBAE0518,14,0,0,0
961B2D92DC87491994299869C53BDE0BFEDBA5052744B45948F1148E85822EB0,2,0,0,0
96928135F57EEB9896B0B69D6D502D6E94F40D7A6F854C29DBE1BEE264DDDB16,7,0,0,0
96A594EE6EE838FEBD80A8022D059AC49A044A22A95C1A71969C1ED7D0B3,4,0,0,0
96DC2C97B929487E4210E02E5F8BF9CF967C6EB09725A8E775ACB4CDD24EB77A,5,0,0,1
96DFE851247304B17C335CC164493244519E5FE1E890A7D1A44E96D3FC98C266,13,0,2,0
9704CA974687A32CF4C7914283E2A54743FE8F7935A29312800C677FEB275,7,0,3,0
973A70D027AD2BEFD979A2C8EAAFE34EA97EEA8CBE055A3C362FFDC94C6F1911,11,0,3,5
973C77D085FEF9CEA04DE6529FDD06A2929CF9B94F8E16CDD38F3EE017B1F4DE,6,0,2,0
975C514B911E48A5679FC6FB1F317BDEC3D94D63DA8A245B98756939F5FCEB04,5,0,0,1
97A1D6020FA21B8798C85834BB69E55002455F7525F0BCFEE78517B519C46706,6,0,1,1
97A22F8CF4C456D0186F34669E81E88DDA3BCB298D6D24316CB6635064C52428,4,0,0,0
97AB638411C4E9A179017FE3DB84CDF44B1D124985627F49544D0AAFA236660A,23,0,0,1
97D4388B4948F7B14BAC001AD72DE08530A1E53017EB6132E6801B445DAE84E7,6,0,0,1
97F68D71029AC4D6D0E788D46673521C34BCEF3CAF1AAE086E8BB1C85600095B,7,0,5,4
97F6F9F2BA3648B39391BA45DB849B3E36BE56DF241DE8C218A0EF738B,12,0,1,1
97FF442ADF71878EC76FA02567EBA40F3BDC0D7AF79B0873255E300D697E7A1A,7,0,0,0
983081E86B1ED4A02B0419E67DAC10AD1B83A5FF114E3B56CF506838B7EF794C,7,0,0,0
987E2AABD4A3A86552152EE08C8E37EAE66A8F0FA9503B483BCC952286A597B6,9,0,0,0
9898CC64522FADD7A794686F9C1694FD730388C1EAB560400CA42F99E3EA5,4,0,6,2
98B16D94657A4B827E1C9A2272C60851096ABDF5085D85287C0E5C1B400D3BAD,7,0,0,0
98BED95679D422E89D48F08B62DB8103A880AA498F364B733C8A110656DC9134,8,0,2,0
98FDA0BE68F8C0B747178932D81BB31E59ECE7C2EDE22BAE197144D24EBF0823,6,0,1,2
99062091DED3C4E40E2E75E37BC511D680428909ADAB61C30BC7322687EC9B00,10,0,0,0
99418546568082B0FE48E0EE2DFCB33EA135F586A3845CAAA06F8EF2253355E8,7,0,0,0
99546EAA5AF9E2AD880F93E03547DB31381A8075B9446E6BA1A275D65CDD9838,7,0,0,0
99620982CC79F058B763FE3D56B9CE100448DD27D00CE672DB528C545470AE0F,24,0,8,2
99707D7327DE9EF7AB853CED3F55B2587F5035499B71F99D8E8AD137B7D0A930,90,0,8,10
9985B52CE2FB592FC103AE907BA809D4D5C8546A19D5499D07D1F8FCA179AE4F,3,0,0,0
99983EB032A60E460A8B38809C58AABE55ACC3ED2E859EDE183344BBF77695B2,7,0,0,0
99AE99AA994445422073B1AD30C932E8A69538ABD5BF639F1B1A2FB8317381A9,4,0,0,0
9A549DCA86C2450B6B25423181D6FBFD1FEC6D3B007B7719953A1F017A,9,0,0,0
9A5F287777A83F0267DB21B460A16D971B7D47BD974221965CF23DEF13919600,50,0,3,6
9A702BB796CA186E1CCEE20918C9C1C8A6056F64AC0B690871C1010C38F50217,8,0,0,0
9AA88DE7228D9DDE591C38C375569854215B556A87B5312266D49A48992333A2,4,0,4,4
9B1F46B88129B297B4D4A644158927234FF692E2BC9462E6E09A01534D030F63,7,0,0,0
9B3D5571F88F71A98A0CF5AE906F5DF0DAA7B0C6A18B45D72A25030C67A681D5,3,0,0,0
9CC424163998E9D6FB8FB90A1BF559BABA618BD72BDE5E75D9C9760D9E5DA0FB,12,5,3,4
9D0F22518E2ABF89A5095A98FF1981DBF8D2F57F0E9279AA0A63E0B4DF897B9B,6,0,2,0
9D107AC5D300F0F02A298696E91538DA59A1C70BD8E99EB7EBD305BB8714,6,0,1,1
9D141C91349C3A010E8C6ACB37E09F9BC59304CC509BB705C12DF52D64F7665F,6,0,1,1
9D3F9113B54953942F3EBC600DAEC370CA2F15CADA5DDDF6A3C1FD1B93753F4C,10,0,3,3
9D9CC59569AA8706D797CCA4DF36F689878305039B41D99DE3007681F814E,3,0,2,4
9DD6222844EC99C596DD313CDC75D1686817F8E39D5CBEA10A7CA7DEC8CE0C2F,4,0,0,0
9E467B7EA0E563FF98C0C7034C34986570C9F2E3319EAA298BB4E84F5C8,3,0,1,3
9E6B0A3C9B2DB90D6C41A74BEBC7A396677239AB43EADF076766499EC0D68F19,7,0,0,0
9E79ED7EADEF94733359A7419F39C29C800A30281E77957ABFF0FF98944637F2,3,0,0,0
9EF21D65EE9925F419AF3C3D9F07692A72550194FCA375F2EF9B46BDE70ACF0F,5,0,3,1
9F3D3749968DCEDF792294C7368007CD886438A523EA608E5FE6E9F668A9F,6,0,2,2
9F42775930835F224C2AF24A924964BB7027F3F1B90548865B9801F63FA7FB2B,67,0,3,4
9F4312D37D975440CCBC8D4A076CBE3497FD814E4318AB065C4FC04E77C0D7C2,7,0,3,3
9FBB43EFD18328E8DA4DE945FA224DCB279A1A329B7579A43216C2962D919B82,7,0,0,0
9FBE204763745C5757DFDCA9D7DB80A73E858D49F3789F909247405640E870B9,6,0,1,1
9FBEACB52EC8AD52E23E44BC84EB86E90C87E91B8C8FB4CC2AB47337962928BD,3,0,2,3
9FC4860BBCFB1D8CBED51050B8D7BEA0E0C52F7C663A3F1B909520F69B,10,0,1,1
9FFB44790503569D0DE8AB08010CFAFA27FAD93FC277E4131BB042C667BB1C69,3,0,1,1
A01CEE9AAA360174E4C9ABF3A196DA77F5227E193C33AFDE4E23C73ABDE7CB1C,3,0,0,1
A0483DA041F80283ECCA67FB04DAA25467C6CAD8A470D10EAFA88D9BACB50642,9,0,1,2
A08298A85D9AD9E0E6D7D1723D80BA8EE297D540DCDEC5E95A450063E1B6A0A2,7,0,0,0
A0C52D1D5D6CB108D6BE2D90576D19A32B55D0E838654F6EA5FC6733212C11B7,5,0,1,1
A0D7643E7A0F06AB764B3D30CCA9BB6DB8F0DB25D322797172DBDC59467726EE,7,0,1,1
A0DE980B1187FE1F82E9E9949DB7653BB8B263D7021BB34FBF01F810E2102729,7,0,2,3
A0F65E3A15D34D94955C0262FAD986DD23E06FAED224A5ECDC281CFEC9667,11,0,0,0
A15840097CC50B3A3E3562E376639FCB138FF50A8725BFACF02FEC3FB54FB667,7,0,0,0
A19903990C9DBC38FCAAA3DB476CF175CAF09169FE9FC4988992FAC4258FF030,6,0,2,0
A1C974C9E37B6E6A5CF1C52734B764A0AA4CE091488C5994C21829307ADC23BC,9,0,6,3
A1F98073B0D39B6E3A981D7DB2C528CC9B88A4CC207350F4467916F265D0244F,7,0,1,1
A20A1AFD2ADCE6A9D9B49B08617B6ED183744540DC9E0342B40E3CC520DA649D,9,0,0,0
A3003180D5C730397F35351FBD5B80443FFBA41DB153DC609804567B162D39E1,9,0,0,1
A326B6DAFABB6D29D0F21E76E910399D512A0D2D8D4404DFAA0B26F2DCB789A3,7,0,0,0
A38469B56F6C963840C4BC0D7912ADD4C5FBE33342AF15F3EED563F9EA9B57A5,14,0,0,0
A39E51726FF2F3B8B0346A99D407D47F1504C7EF8F930860605716B2E014C07D,19,0,4,3
A3B34231A8D6C71BB2D408651B95D323AE02899A7D7F7C78C0FCF064A2506F36,7,0,3,0
A482DB7545DF1008ED2D9C45999B52037DA9F42DB2928BC6F3D99E0AB625E003,55,0,3,1
A4CB28447CFEEDDB1347F429614F31754B8DAF8F2490FCAD89205F36EA94CCC9,7,0,0,1
A4D239CDEFDA62898E215F5619C29FC8D7B8591E9C35C0489FF6406077CDF1BA,4,0,0,0
A5CC58B1A6FA9F3D54358BBE8B565CE3DE5D6029F48BB314D240A6094597E266,9,1,0,1
A5D125554685E6BE3CBA9A80B7AA480F2B038A374B5EA20BEDBB31CBF8CAB,6,0,2,2
A5FCE3FDD09F1A180F5D2F61136D52505D0B0ADE87E1DDE136D78E0DFF8BF545,7,0,0,0
A6A9EEB7C29A1931E427DA55376633B858E9AF65359BEFC127E61C3917C1B243,9,0,1,2
A6F4B4A7CE04FFE89A9D6467D1F4C10E636605FBC4813320BC35685E434461CD,11,0,2,1
A7010A2ED8CF230EFE223C82FE025DEC589775097352FFCAB06D53AFE4C1B6D7,6,0,0,0
A73238945DF7DA5B415830902917244C6A226FF0F807B47342561E17E010A821,9,0,3,1
A7437B8C985FC6FD238EBA6DD30C883C44282DC3EB56F6D7E18D2DF9ECA0F194,5,1,5,3
A7DAFA4E4A1ED1D1B8032576B008529F4B3FE419393C0E4684F5CB98491F9102,21,0,3,1
A7DDC91AF4D63163EC942D4297CB254519DFE38A8BAFCEAFAFBF9630FF7F2D32,11,0,4,1
A8054925585483E6DBC0CA0366A5460D3F9F5909F491E465F479ADB112E5DB54,16,0,2,1
A8526575A09D170F6BC89C66CFDCC53816BAC03B470AE21A51825E75E02E1695,43,0,1,4
A8B23341BBC36D30FE736E1CA5813AFE8F59771FB1EFE2755F078E63DAC5DE83,2,0,0,0
A8C7A9F78753F1A1CC2502523D454404C71E1BE11CCC6BA971A78B7A16B6F961,29,0,0,0
A8E029EA800433FE6FC6EBCC677F922387D8FFF07871C5097BA5D7BED70AC15F,11,0,0,1
A8E14AC32D8C007D9FD8139215CFA60AF7234B565A2C315DA9E7D24FCE7F202F,21,0,2,2
A9689AC2E35ED090C4331E8C1D64AC0D40BAA7B09EA17032347D75F426E32848,8,0,2,3
A96C8C2977AAE28BF37A5576C45AF326C50E6684C5191116C4862FCFFB33AEA5,7,0,0,0
A975260826BB19A9F4735B77B2E02A947F94F9785C8B30D73410B67D73678090,5,0,2,4
A9925DB1A5529A35C7566246F8B82181C75A3017A971268285D0CF67817F3CA2,26,0,6,4
A9B2DFB53950CB7DCA97B9B92B3C8D51CCAC6C799DD49C32D7DF87A1A27C8807,12,0,2,1
A9FA23B620777504A67567E88FF9FF1398C85FAE430C7999557BB7C1F310C88E,5,0,3,2
AA0FB35AAD2B6BEB77CBDADAE1975BE030060FE703CCE1D9054,6,0,2,0
AA2BE0AC79028BF59168218894A61C9990630BAC3054416D4185714F6AA33EFF,7,0,0,0
AA359F97676D9D4BE149AE6F9FBD0534FB28F85AAB1441390EA0391707F505C2,8,0,3,1
AA6D1C336D992E2011222DDB042897D4062BDFFF215779CA669A103DF27244EF,8,0,1,1
AA913A45D4B675E3B4B37C2815F2C9136CFF9F1C7CE426E0B34148EA581A4AA0,4,0,1,3
AAF8A27604F4A3C2676B22F84924D4A9BCDC0DBD95F4361E67AA9CCB85FFCBB4,7,0,1,2
AB0A824F00E4AEE68A17DAD86182B6FFE83D6D7D07D572D31183CF4A8C1723DA,4,0,1,1
AB244FFE784474133D1702B6974E7E8713A6E469D0A99FC1A731103D06C26411,8,0,0,0
AB4A071D06FF8FC999133858B30039C6AE1751DE54B5BD68921CB871DDF765DC,8,0,1,1
AB4B4D65A4C7CB3AAFBB7E6630830393D43E619881DA76EE06760466FB79E894,5,0,1,1
AB90E0C7181DB7AFC6A51CBD2AD65616D5D2B14D3ABD2FFA0494815C26FCC3A5,2,0,1,0
ABAFF29A0CF6D4B64B69BF19103416625309A78DC94EACFAF70D8133A3F,1,0,1,1
ABD371EBB455E6A52C300056D06A7540F95BE2B6376252F0C3E0FD72B88591C8,11,0,0,0
AC4F9A4606BAF9BD6CF2A4989F126762B662FA3117649B279A19407DEBBAF22C,6,0,1,1
AC6F8119066A500EAF52925B1C7185D2F4A206BC9A472DE68A7F6FFE72CE79EC,9,0,1,1
AC95FD8FF35665F28B866533EA672C750080863B2094C92F1EA715BF8EBF5FBA,6,0,1,1
ACACAB580A1F6C54798174422D51EB9392A744DDB26FE07C9B6E99A1811DD6E0,3,0,0,1
ACB29DB03A3390236B797382012E04BDA9E89B5A4FA405F7B88D5E6E947E99E4,5,0,1,1
ACDA99D3FB4B04439D98E914A4805111AA585C662DE8519D57A661A1F26F558D,4,0,0,0
AD55A3344B93E6C715F32F2A5DAEFC103254E90A858D02801EFD22347185C950,5,0,1,1
AE0499717BA84D5FC54DF2A0540B1C5622BF56976340A4ED7FC4F3F83D5E4B4D,8,0,0,0
AEFBBA5E49C7D9DD95BD1CF1B51E19F526E9F8BA55C10D16477BEF97DBCB8A24,3,0,0,1
AF1400038542DD65103363D9BCEEF83DA1EF01827AE00B14A8A2B632A8E54231,9,0,0,2
AF3816B4D75E7B9CFEF2C37732AAEB37333FF76AA6FD7728539530A8235CEC25,29,0,1,0
AF68A6C2D93D0261962F50F8DBBB9D72BF952A88414B33DDA49C613DBD8B5,9,0,1,2
AF6B36FB4FDAED4D822F70D33804A1DCAB3ACF35284225F6508120034CF23D07,11,0,0,0
AF89B57356D42EB694CB1AE77EA81FF31FD2BE98A68A8AEA8BE2EF97D78D,6,0,5,9
AFB7A1C042DD06D94C29973F0C0781F70F0D7DA1961BBDE53522E6AC787F75B7,18,0,3,0
B0236B68F98C4E337477CEFF700C7B892DB56F150C4BCC3E600B894F1B4759D4,3,0,3,1
B044EB659456091AB67DED9D832E55368210933C2D19565008C7A52B8417EE95,7,0,1,1
B05F4A23CC55A4AD5DE637F65487BA84C3851734EBD790A6AEFF0DCF6AD25530,8,0,0,0
B0D6CF48C520E06AD50B86B92349FEF7900BEEB127EB9DFAD2B276C191F448A9,7,0,0,0
B186FF2E168C31F76141CBC32C075397A48080B101617657DB002B9CB577DEAB,5,0,3,2
B193D8D98295978524A2EFB9E954FD7104842528CB2E0654767FA3C1D08B79F3,6,0,0,0
B29484237072A790AD5D3F4F0378C5B23016D8DF588D1215B39FD14D2AB284C9,6,0,3,0
B2A4C955131DE3AEF729EC64A997C2B8552B780F14672CFD303BE77D0AE394E3,25,0,2,1
B30A592C2036ED301A63402095A55C8D175D78A8D8302B8B9BD415A639C916DD,5,0,3,1
B349C5701A3F310A1EE646B7C61B5628F8949D93A0F2EF1705C179DFCC19D7AA,3,0,0,1
B387FEE6DE2400FB045B100437F82BCAF10DFA605EEDEBE02D854B59E51BC122,6,0,0,0
B3C9851CEFF2D6FDB5CECCEE124DC82E34CFC5E9344671ABFC0A7C028AFCF846,29,0,8,5
B3EB2CB840D7999542FD073CB5530562F6A2F393ABE0187C20415852F5FD1855,6,0,2,0
B434C19661080D2A17F1BF7C4E541EAAB8C2F1F72E64F98ED2ED9F0A04ED69E0,5,0,0,1
B4473A77B3B7DC7ECBD40B366BEC2062B0A33D416A0736769861B353818D9607,4,0,1,1
B472D7EC712797F6F2D39D5DA2506C5031EF43918396F79A12DE6FDD705A477B,5,0,0,1
B4B5363ACA7FED33527FA82D89412D113BF9DC7E0207946533C07FB2B98F8E5B,47,1,1,3
B4D69148BA0ABFD7DF8A2C77374873AC1A0E198724D2CDEADEAE6CB7DB97B887,3,0,0,0
B4E0FEF0F065D31FDB4652A6B18C38CAC10BBB77806B66E92C491D46E69E,11,0,0,0
B501B950390DADD87481D570E3D388EBE76905A4D2291DC1F082BBA7884ED66F,16,0,1,1
B5515D965474A8645F1FE97EB631BC566B3743A0EC4858A3F9FC85F5ACE7AE7E,5,0,3,2
B566DBAFF29BA1B99D26D85E0B592D217F75C060BAE88C0246E034EBF638A,10,0,4,2
B583CC092CFE0651BED1E5DBB2468863C4E5EBF72F2140107398CCDBA,7,0,0,1
B61DA5066693F8D1A87C60ECAE5EEEAE9F15F8142FFF8FEE1C28C6044CE10744,11,0,0,0
B6C29B57958A4329A237AB950842E6D451571DCC41014173400F8622B44D23F2,6,0,1,0
B6FEB4C4C7951E88CEDD033C33B6732181C38C74EFB9CA6F7F301B7D7685674E,7,0,0,0
B73476146448A714E9F33730C08FDDA753317051769D68DBA686E386DA77D3CC,3,0,0,0
B7A39EFB32DB9F02934A96B9FF0F789B486E3F9DAECE8846D9AB396442C16C0A,11,0,0,0
B7A4DA8B78CE3FE49E46845D9E0C9EFA4D54ED4DE580E2AF77BF215F280925AB,5,0,1,0
B8CF2E3CC7C40D693CCB1DEBA2111327D55317B4D59FF4511D9B19367E956586,5,1,1,0
B8D79271AAD7EA926F137B953952E8A8BBFEA2F9D6AD5EF03FB288A54D661FB6,27,0,5,3
B8ED964E21A6F480DCCB593F85854B835F0693472C5857D52AF3EFA5A4CC244B,4,0,1,1
B99B4EA47980540AAD29E9C00589B2ACCCE91155CB039942388F0B0DCE383DBC,5,0,8,4
BA06C6FADF8D7F7BF44B39BE5C76141E93834E6BABAABF35C6696605268672F6,19,0,0,2
BA716A4F20A2C0EF14BB9D0FF2C9742ECA64D77B5BF821F7BD5066E77B98AD99,7,0,0,0
BA7625CCB44A8365C7E6C695A320E122B41ADEC22011DDB4C977FCB50DE2,23,1,1,2
BA949E090EAB02005F9B1823B59AA4329017EA2441E81734F4827B3822C9704E,8,0,1,1
BAA5F4113B6F65E680E0851FDD09B3BDDAD420D4AEB82A75232B8F21871B7BCC,5,0,0,0
BAD067D2B10D9826DA6FDCB2EAD85AF091EC84A2D656E3DDA6ADF151FFA1A38E,6,0,1,1
BADBC27F011D96E2D1C5AD9FEF10E521DC062D8D9D37AA0BCF40B88234DCF60E,6,0,2,0
BAE90F3E36722DA0F76E1D2B05F1131C09A535B281EA94B26A5B2CCAF6D0A7B4,7,0,0,0
BB6BEFB33A32F0D31CB551AD8C586769126480C18753357AFFE89AB7E4E8029A,2,0,0,0
BBD218CFBDEBC151EC8739C061D303AFD5D61A118CE86737073AA41EB98685F5,9,0,4,5
BBE98778F159DEA179F657B2D0E1723EC4AA6BFDC838DB77F52A016B595D47EA,63,0,3,5
BC9D56854CB8655F0922A70E4899F05568105FEFE252355869654B7739ADA5C4,7,0,3,0
BCA00E220DFC30BA5916318A3F3776D43F980D5C2E38B3678E214697B5525076,9,0,1,2
BCA81DBFCC9BF072A58EE9787F9657E4EBBE11F7D7D2171466AD745AF2E87,6,0,1,1
BD3206A48B47F9B09A6124DDE51EC18E58604356E058883B0EE3BDECDE8F3744,5,0,0,0
BDBD1DA141C0BBB5234BF7A5B85515F7B2687FDE4B9A6F9CB854956684,11,0,0,0
BE0044545533D01E14214B50CBE486B692EA0B01DC7645425FBCC794E67,7,0,4,2
BE2E063C922C12EC57F128F0BE388D1DA9849FA5A6CA90C497797B36F34D70C2,8,0,1,2
BE6A859652E02C53BED6CA311C58E957B49775F9F5AADE671D6FC34FBCB29A49,3,0,0,0
BF0F6E7263ABAAFF66D5B6189E1C01B0FADDBE9517A29140614D1435C5A6FCFC,12,0,0,0
BF1FA41B72C217B798C86D781875F00A7456C5B105AA31F18FCA4D77E142904F,6,0,1,1
BF54840480B5499D79508CAC1E601A61A500280DBA1D6C8EA073970C8841FE89,15,0,5,4
BF6F9AC1FE9DF074ED1699B0BBD633ECB2971DDB23D1F450800912391CF3655E,7,0,0,0
BFE03E22DC558B1FB10AA674CFD3BB0DBB6CC20D5C9A1C005C4D22C975EB2AEA,5,0,4,5
BFF49FFE900291FE7B3A74E192E2490CE7832C32BEB9C19B95B2B28853222D6C,16,0,1,1
C036DCBB87A4BA5F69AD8AD27B968AD4FA82B26F26FFF4449C7B26AE798ABF5C,38,0,0,2
C04C07CA581CAACFF5965299EEB17CF47174781C47FF6727910811285CEE7EC2,14,0,0,0
C06245FFFFD43B7C78203DE5736C65D60D11CA09FE265C43A060CBDDAFD8EF00,6,0,2,0
C0DF12897FB6166A9DFEAB613C50538AAF211B62471158283A6971F4488AAA4F,5,0,1,1
C10ACA87B16561F373C5F1FBCF0A79977F33B0A4B73796D78B9EC102CFC54A4E,35,0,5,4
C119A1B113B69559019131C6EE5BC638082B37B159B8ED8C93AFD08E15499DFF,5,0,2,3
C152360C182EE85F7FCDDDF5BFBCDB56C6F412994EBD6262B90C41F3DF993EC2,9,0,3,4
C15952D4AD7028E8BDE2A312C123060BDB9C250B89566DC8E8752336F01B60B9,6,0,0,1
C170B9B989D4E6792117A6F9C806F5938000661019182A5504E1A51F556FC6AC,5,0,1,1
C185673CE172D6726EF22D1581453DB885E81EF47465DA1CF552424A23C4245A,6,0,0,1
C1B0F4496714F2C67A041D2AB815F787361CF8F453993597F195107CE5FFFAFD,12,0,0,1
C1B909A09D0CCDAA7B52001CCBDD61D60FBD14F74811AF59747E1EC953FB,17,0,0,0
C1E8E77739362E5F1203C617EC8E7E1AE16FE60DD6ED48715C9BCE0D5FEAF6E2,7,0,0,0
C2170934F7780E1D1BD8DF6B21CC7DB3D8694EB9CA153BF67DD2D8D67745374B,5,0,3,2
C24288A08952DAAA1CEC0050C110EB16EFA7EF5E200D3651C2CC4EB8A2E3C314,6,0,1,1
C247B7CC81F68873E0FC58A1BBB2A80C5B8265653CDFFE47E6B8F3F4AC274D18,4,0,3,1
C2AAA3E6172617545E94A3BB26212AC29A7974B693654FD339AB333,8,0,0,3
C329B2D9B63EC40E84867234A3AFA05BEB097A6DDB2D059DC4CBBC319F013101,2,0,0,0
C36EA48D17091E828290ABBE8D4E4D713A75E96EC609B3CCF146708A0B9BE328,9,0,3,4
C379750268D4AD389AC8B78FF242F15731A24CCC085F1C7543886D287401C6ED,5,0,1,1
C37FC483F2C840630470C0FC3033613E56731705CB41339658993157C0AF3C7A,4,0,0,0
C3F5DCEB1B633976C9C77FB9807DA7EF4FD73F95CAA77C98FFB10C79613412D0,7,0,0,0
C3FA229D87B3585BFC34344BEBBEA90840C5C62AA02DB4D6CE04F062C1E037E9,2,0,0,0
C400267521E9789DFB5C99880D3E7AB31806E57FCDCCDCCABE1AA2780690EDB2,36,0,5,8
C46887C9F24D002B013F9726CB4C74DFD60A6299CA7BE1828B1D9E947D19FE54,8,0,2,2
C49DB5B7F37156FBA8A8708DE2912EED0D8E9655F382C890A41667A5A5E,14,0,5,2
C4B2CF5F250674F6D110388823A61934A01A216D0DAC5D4DCBC0C92FF8F95774,4,0,2,1
C4F85BD5A58DDA131DF652B9496CBC02BB6850AD8A45945F74AB35E9127F59C0,9,0,4,0
C507BE573B8BBA5B510E59DA809BF6CAE4F20D9D2DD9DEE43CDB953348C80C99,9,0,1,1
C53A382B040EF748E178BB559856B443526F0F3222D7B3FFC69A4598D5E951FF,10,0,1,1
C53E6FAF585B428FEC0C1E5D26770A2B18C6CA76768744A3AFAEEBEDC10401D6,10,0,2,3
C5EA7E9101DCE70C56A0F48B622FCFF619D615F5034B15D21BDB7F40B74602CF,5,0,1,1
C5F51D23C6BFB24CCF41879098BE7D07C92094973EB43B1B9AB16788749E1823,7,0,0,0
C5FECEE69E9840C86549A37990DAAA4C8FA0F405E7F42828B8DD343C54EF64B0,18,0,0,1
C677A0E9CA8DF6C97D0FB3ADDFE8C26F763A264112349BCC5AE98B40B0E5E131,36,0,5,8
C6EC5BD099A531B6C32FBEAA62A60E02C8C330C3466621A003AA62DC88845D38,2,0,0,0
C6FA652A7D6449A5CAA77D67CCBD8C8FFD8535C26F8D1345F177E817CE9E7CF4,4,0,0,0
C6FD257B35939A90A8C4CFB58D53EC943B9C2CA043380548C6BD761D74BA9686,6,0,0,0
C721EB155E2630BC26E2B66AA738DD2DA56F501FFF18627BF97236AFD2218123,12,0,0,0
C726CE734991C2E5CAFB24F3F695FC37A8EEADBF6C82A2E2415B9A395AC1968E,2,0,0,1
C757A997FDA1B521AFA90F88613F92157A24DFE58947E2BAEEB9B4413C263329,5,0,2,0
C7BA1EA89657D0789036F186FF63EBFFBDC460DD04CA09D7CDB3D2C006A78F04,166,0,3,3
C7C46F7E5F58B1E6912BC0638475840741CAED5685AF0AB6B563A637B92D41A3,4,0,1,1
C802DA0F6358BE3B14DE1BE292F4C4A93D4D5A376E73F849B7DD1C2BAE978A5F,7,0,0,0
C837253BDAAAE646AA87AB6665A99CE39EE1AB8CAEC8F5E4883DA9DA7A612620,4,0,1,1
C87759355023A0CEB5C735E1A738EED616BFD3AE8FD18AA1EAE9AC7EEC35A3D5,8,0,1,1
C87F97DF7D60966727489D5A85508355961DEDC73A35B440E54D3B9540A96863,3,0,0,1
C89CE199B8953D65F8E835B0B2EC1311B17F9BCA2E8482FC5534FDFE6DCF21E4,4,0,0,0
C8A2F8B88D32172E27A3ED6A8B1708FB0905DB858996BD4AB4265B1B14783DB8,2,0,0,0
C8AA322B9A8982FBB23B27BE10B66B7F81EE03FFA9276B9D22E0A74569534665,5,0,0,0
C91D61883BB399A2F4F2C583DCBBF4E5C5050696882A1ED48D012A8F9DBBF,15,0,4,3
C973FA5B6C0A657661405C5ABE2D099A06B0ED9A01473E483BC5BB76E3CDB60A,2,0,0,0
C9D3F0AA2A5A15B89A4048FCA52C5E0559D23CB4DE334FEF20BDF1EF148,10,0,0,0
C9F2C62AA15C969786F66248AD719E26BA0E7F554590A75734ADF41C72545A1D,47,0,5,5
CA40A0B87A733B78ECCB47323EF347B612AAF9D5A9F5B4C414211F80761262FC,6,0,2,0
CAD2CA0894366462BBC4728A2BDE01FAA889FD631A58776C4EBC292A63061BDA,8,0,0,1
CAEA73BDE46572975A901DE2950133DA950FD4383569F8F157F1B925DB59E6C5,4,0,1,0
CB34BBF446A9B5A6CA784FF736C95599610E5ADF05A35A24AE930CCA765CE167,6,0,2,0
CB81B1EB2A4EE2DF7C56FF1E115A5FA86C980B745071149544CB9A78960055DF,9,0,3,3
CB9B55CA2D10EDFE783BB9BE1DB555F92E3CF7CF870CAB917FD9853AA3F56D68,4,0,0,0
CBA12984AD1DE0E510D8F54D9D2D6BC65CF18EFB5BC2394114E0C3088975ACFB,7,0,0,0
CBA4E054A4DC519A44B8C5BE81F7A082B54E0979BD8D2E43719ED529F26AD2E4,3,0,0,0
CC92F090553C71D56C466C1EA8761D0F5E0D531A6AA169D62A2D3FF1DA2FEB88,4,0,1,1
CDAC8B6CF92989B3C65AC93D64615441C6081E75A1F4FE3F5CDE2A7189582CCF,5,0,0,0
CDF9C15B2C112AA956E7B7C2317E720BEADC0BC22A2C7841668989A57C6E0A71,11,0,0,0
CE136725013FEF9062502DA95E73B320DCCC603777886C1CA399F4B28C39E466,5,0,0,0
CE6261C5B422C49F334F72ED5EE9BDD90A03C133A6A1BA47500A4E5B6DA886D5,7,0,0,0
CED0A0D58EF94590FB7AF71EF4842FB9A6B3A092D76C17E2F82B4463300D9DCB,7,0,4,3
CF18E309326D593292115084B5CC469F0F9E30ED805C133BD6DA0,4,0,1,1
CF479157BFBAE96A75799ED23EA0C3FE2FF7364FD75856FF295C0FE99CC0AB2D,7,0,2,0
CF7DB5D8BD5BD3E48EE992AC34D5911DCEBF030BA45C7EE5DE40155DDC9CE41D,7,0,0,0
CF942232F6FC32E845883A439D2413953277E9326D9F833FB01E810252E21733,14,0,0,0
CF99FF10F07E59FE080C7402AB53D244434E115A056F6A7F62663D0DD0D2C421,7,0,0,0
CFAD2EBC37FA385F6F83A0A363A0969E8450EE16ABE74CA9B90A4B6AAE44671F,7,0,4,1
CFEE6F51DF061D73EA64C251417EDC1A65BF61186C4734AB1532053FA4614307,7,0,0,0
D032EFF6AFD07ED92B5AE084E4619F0B71D80366703FF42100E48394AC3F6A15,7,0,0,0
D0486F288A7A90F40E73D9798C66C1D73FE0BAF9C4A6EF62320D8966E6A1E3A0,15,0,1,1
D08D1083B615CA105DBA56AC2BD624347AE88BF81F341AC1DF775AC3039FC2A5,7,0,0,0
D099CA05DB3A03A6DE78F3C3FEE7AD236E3C2919F79A5D526BE23A541430F05D,12,0,1,1
D0AC1ED48211007E4A707CF1EB41531C62AFBA007400408DEF524C355259173C,2,0,0,0
D0ACAF8F89DA5C603E0B0CDDA2BE6F90CB70EE32DC07475CE1B1C8922BCA2F81,7,0,4,3
D10A16200F55818CF1265BF56FB5928E2053EC3C58FF19C96E236DAAC880E13B,11,0,4,4
D19290A69D2E46D4D09418FBD3910D5F78A38024C28F398F966311A542B2283E,5,0,1,2
D1EDD6ABF7C1C15622FE6BF6BB4B33A9DC1E0595ED9A7AF3D07C42F859939296,6,0,21,16
D20A1FBC878084AF5A10639DF6BB82A5F0A583C628C95E7568B43872EBF906B6,6,0,4,3
D21C2F33D6573C2093CFBA8D3248849A56FCC95DD60CDEAB2E4114CDDF2D4772,7,0,0,0
D2A4B7B4E5F89586153C60E569D21493F072D8C2680956851B76538E29C59CF3,12,0,3,3
D2A83E8EDB44F98B798EC8BF6F2D856B183373EF88407F718A33F0F97F7E,5,0,1,1
D2E2E9353C436B8C21F3158858185E5AC25D90595BFB2A29D3C9AEAB67676,7,0,0,0
D335C6DD5DC0FD978EA8A5DB7C30BC443083D45ED15308B23F469254F1630EA4,6,0,4,3
D33744F69860F89A60D0F078018113A09D61905118F2AAD05EA80B240329173F,12,0,2,1
D3560006561A69AD9E39F31B115EA674276A37C1031E2689A3C8E2A6BD4C956E,16,0,0,0
D37064CA28AD0BF35D8B97755BA3BD6BE8E8CE6AFD1D4693A5A2D91BA9AAEC86,7,0,0,0
D3BF87DB15901D79FAECF32D30B2F0C1A0AF3A20F04EDD65CB7E67B7DBA34F7D,5,0,0,1
D3D066C7CB2F2ADB8BBC61A73ABFFD8177BD691F7B4EC37DD85632EA8F8AD6EA,13,0,0,2
D3F4392498D57766DD3348B7115ABD83FA20CDD05B8611CC5E9DC8B0960FD151,5,0,0,1
D4AD72CDC929C8D4F9C52778F487CE925F11B8A352C5DD79D61DE201B7CA7453,23,0,2,0
D4D3B62A30D7AD4B98F73D903826C8EC01884C90FA1AB342422F5F4962441BC8,11,0,0,0
D52926BE5BC05C304C544B90D547BC6209508BF14C3A173A7DA083CE851,6,0,2,2
D530D1FF3C4EB7A781E1CEBF33106F0DE2B30FCC59E077A593B4ACDF3B1BC162,6,0,5,4
D5816A0DFB6E6374D459C68C3F7757E3F2552BADDBD6A20FB16F7B4B7820E597,9,0,2,1
D59092EF3C97E591905A6203CFD3F0A0AA11A978F5324C792BAB84C0878E44B2,13,0,5,2
D5EA9261BF0C718798F027F37502AC417AFAC1B92AC8460446F293C9E5831BD8,6,0,0,2
D6105F41BF2E15AF783D594A05C6140BA37DF0994FD3F8B4F40646B9CB5A81A9,4,0,0,0
D6124C140E2E7878B4BF2593B05F3992B379EF096C54CF982534D119855437E8,6,0,2,0
D61792AE278F6BD05F39A9EB5E9DB49334DC87EEB5F6025E6FD982B4718E943C,3,0,0,0
D6B267A0CC0E9B2EF63F55AEEECB997B66FF41B7E21B1BBFAEEA3568B4AE,13,0,0,3
D6B3CC0353EB9EB8DDA3D58C5C8654FFE37C7C6A6473A6244AE5BCFE7FDF3E2A,2,0,1,1
D6C057170770AC92BB16EA36217105F42E60281FD49415AF035A3A8076FD6181,3,0,1,1
D7049EFBCC7B6F4CC601E75AFDAE7E06041BBD9A0F9DC59D69E348934F20B2CA,12,0,4,1
D7B9EA9646D490F7586D14CB832015A32F0699342BD4BB3F5D2F4BCEA979B256,6,0,4,0
D7ECB7D2CB482C14DE92EA34BF169925AAC670DDF418B38646418DDFC789718B,4,0,0,0
D85EF8A294A437474D205D9F2F124C415A17DDC1C419132DE383F6BFCA2A0638,37,0,0,3
D87533211A6B6BC38A5A2C772D280240600EA0DD2622E5742594DCF0FFC56,1,0,1,1
D87AB8A9AC18F6581911889058FBEAF98ACB64E79EAE6FE743D8491B4B49A9E2,4,0,0,1
D8E760275362FEB566598EEE93CA227A09457B570F53B8C76C,2,0,0,0
D8EB5669BDA38DB797B7BAADF8EDAAADCFFD18E767D940F75DF8C1FFD7D17645,7,0,1,2
D9D030C91CCC0C6279782F9AC2D166EFC2A8E2B818A8EBCE5925404E31314C1F,9,0,1,1
D9EBF3B8CBF9DF71A52D7BFC7F9506A9641B4215510CAA37796B291BC36A,5,0,0,0
D9F9FB8A719B3264D444F869BD21AF19B38B37D9E49129740F4C41C5D84CDE81,5,0,1,1
DA07316645455A02B2F9EDA79662C585AEE96E9AB06AEB139FB895B9EA89238A,2,0,0,0
DA08183795CA79A858D9B5712D1A7C3480617CDD6DBC53A4D7115F14522BD320,45,0,6,8
DA336467A3DD17DE9BA45B5E5D7C61B9FE81E605A5B54C0EAE6781A239A8E2E8,5,0,0,0
DA69B0428F06FA3DD4F4844AAC07A35C7537C3CDFF4E22B19C87191263942949,7,0,5,3
DA7908F9AAE3AE16D522FB60538ED9EFFA4DF033BBB023E61E95DF0AD31A6734,6,0,2,0
DB2D66D2F4643B79DC8B3396DDD734D9D90A7D452DCB0A0D8407161B7110,36,0,0,5
DB339E7BAA5978F1B961C680276C62676487819AAA21B041C01A2211A2A2C05A,9,0,1,1
DB37B3CB43FB3A828B579D999608344B72A8F043113DCAAB83DB7A4522409FF0,10,0,4,1
DB5E9DBF41C6F7C3C4C223E1A27894D2490AF34DF970C9C6FFEDF5F2E1795C6E,7,0,0,0
DBA40881C86861C9B8FC3C3EBCE1043F690B35D3FED6B63665A89F01D62A130F,16,0,4,1
DBB3C7FFAC45AA77A197CFF0510E784B6204821472CC5996A354367630270229,6,0,1,1
DBD6D1000B03267DA6734E4509E01C49BEBAEDD39B22DA7418049DCB63E36A9A,3,0,0,0
DC24929F575A775A3BC983058AED9539523BBE8E508EBD07F10DBE72145ECBF8,10,0,1,1
DC2BEC9ABC184B7FE88EE9950D53C5D36CB58734DC3182566777E1B039656251,10,0,0,0
DC3C2AFE9541C35142F8A4A7EAE37380BAC21A6C787699CC0EF84293A3B44DB3,11,0,0,0
DC71306250D413FE6979B8EA03E71A7AE1BCC5B404DF2149874D644141839B76,24,0,6,9
DC8685E99FF356B9D06A7F76C02F50FD06569455CFA15016B340378F367C831D,4,0,3,2
DCBAE3D78F0EE0E350BEB9565A332C1AB2E7B7A58230326CC03B329B54249CED,6,0,1,1
DCBB7D92870CEC0E88A93C3E4660E3102B9B56F32B21C02AE6664B032467A,2,0,0,0
DD2CEB00088EE26981717B6537A22AC7A33DD649FE9446301347C4B60ED7A5C0,17,0,0,0
DDAF0AAD453A2E34B6D6C99113B09E58F9B52920C72EBEBD38B87470C10ABC58,3,0,0,0
DDB99DE9B2418322AE7664607001B30CEB5C15A0CD97C61CED12E0FE3D68F,7,0,2,3
DDD4C93F5078029B434934DB45823F7E567EC1C0D515D20C1071BD86BC62ED02,2,0,0,0
DE129A7F347B8DBE8CB05717F40E9C644BDFA21DD04347CA5F3EF61EB38D1752,15,0,1,1
DE1F015AFD6723710B61866D44A25C98BB4A1114C1FA603E1FD53AC0D,19,0,0,0
DE7FE322D6C4D4337536045C53FA142EEEF39AA9E43F30427BC200E3D668DF4F,7,0,0,0
DEA98E228E805310940F27F1DC62434E029D69065F0F18360E7F85507E8669F4,8,0,5,8
DED693418A1C5368E377AC654E06A5BAC04FAFF52EE0EF42A31EEBCBF1CCA2E0,11,0,5,5
DEF588D141FF18F5621AC001DDC769E8975F1A64B36775F366AE17FCAA416450,4,0,6,2
DF99E29B9800C072DAF92F7D8B39AD1C2633E20C707C7AD610E2AFB0DC9E580B,4,0,1,1
DFC08C3BAC274A7D23B6EA96019DBDBEF3BBEC411B2A19787D56B55FE6311B4F,3,0,0,0
DFDC3904CEEBB73E0A942906806C0890BCA874B95FA33C7CEF82AE5EA3FE304A,11,0,2,1
DFE9C866D398484549EA178D6DB5BC49F621A0E1B67A7F3E94A89AFB4DDE0033,15,0,1,1
DFFE7A27EF87BE3FDCE08005DB4632C3E5211A20AAF7ABCA1C41FBFF0E821909,16,0,3,7
E071413A6B7EB8AB2937F357B19F058171116D68923A435836878A037106D001,6,0,21,16
E09EC41A6A47C00ED2E8372CCFC2B4F345D0D5C37C86B4F48AB5851501BF2560,3,0,0,0
E0D333190A3B74F6AD2EBA33DB095080617E2E6262E4E11C655BB597B2E4AA9A,16,0,3,1
E0DA2624F5CC2B7AD5DACB2676A263CDF40AD6DD0AEF60A8B80836873E9F,8,0,1,1
E0E63363097C194051CE2DF248CB26AAF7668C70CA2D43249EA2392B5DBF206D,7,0,0,0
E0F81BFF00E1B2FD8F63F6AD9076ED7119BF809F4EA3A455539B46EDD1A63,15,0,0,2
E0F9C81619D44941931D7AAC66F221DA35F689D89226839761FAD27068D97313,14,0,1,4
E10A9E9A5758F04975FFE930AF08A339B897FF72DF85BE1707184C697C0E954F,8,0,1,1
E190B32C7731FEC5185F0F3FE1FB71381B11D46F71DAC40FD9F3F8E7CF8AEC21,5,0,3,2
E1FD9D3AAE0EE96317946463601AFA7CDD26627D4A9BF5641B7615937F22586B,9,0,3,1
E2030CB727752B84052E504B01122D20601E37F64FAC824336DA4A7F3934C7DC,25,0,0,5
E23EE2230619F27F7BEED38200EB97EF8CBB200B448A08B68E7BAA179F127688,9,0,1,2
E257D0AD0A26D2B1A9B87BE9DF1C1CEF485869894CCEE14843F5AF633E956DE2,8,1,0,0
E2B56AD5202233F7B0DF5B70B01B470950A68DEFFECF99A00039586993C7AA9C,12,0,2,0
E2BA9AC0A217D6586AA78335DF42A7D6CB78AC8514149637A9BE01AF6B8FC305,6,0,2,0
E2CE600762E1C286A83C4E9285442DAB1C4C16B2B758BB58384C238F3946EC18,7,0,0,0
E2CFB80FC40EC43A5453D3E1F4BF5AAAC7E9B3C498513C63762EA1E7AC2C8,3,0,0,0
E2F36C5A39B5AEDBDF11A307E7DAE3FDC7A0EB82231BB89F293D91F41BEA0BC0,8,0,1,1
E30FD2535F4636A70E414C142ADE157B480391CF6233605BE4957CB7F863B833,3,0,0,0
E3C4005787B5A0BFCA53ACAA08006E084601857E136300282EA099B8860FBECB,43,0,0,0
E3CC1AB2A73080D9CF6072E337430CACCAC21917EF812679596E3A8ED7168887,6,0,2,0
E448E8DBE77326ADA96595E12E60AD3D768E817B80BD7BAB611EAE743556F383,10,0,4,1
E488E83B5C3B1B41E9F7DE8F6C9A7DB6CAB2390993B59E3970E429AAF50BE249,9,0,1,1
E49F1D57FC9493376FC3E2A98A06F6A7926EC24B861A8DC3BD35BC7432777587,7,0,0,0
E4AD6E0805FB62DEA10F1D8393D0E4CB676FCBC2547718914ED2C944FD43AE44,7,0,0,0
E4DFBE0429D1104EA90254EE9F774EE411E41A572F9F122F56C2917C024CAAE9,6,0,2,0
E4E9AD9F2908F74ED60E0052883B4B9DFCDAA1BF256307C6B6C97F878A8F3,2,0,0,0
E560910A27A7ABB3818325CCAAAA262BD457BB83A68EC714554F88E0DCCB0BA3,5,0,3,2
E5BA70433C2CB07168F1B164C90371943410E1CAA721C72B4BF538E139082B79,5,0,1,0
E5CDE7D051E61287A5443689EB89A74D0AA42DCF85813EB168B472C35F512A14,8,0,0,0
E5D7A5C68903ACA22F0207D437EFFAAC8F4744FDD8D6C277A2BD6FECBEEDA204,3,0,0,0
E60EA3F65FAD3EDF73F77D54E383CEA66A0F72605562A70C5A87E5C6D1B20BE3,8,0,2,1
E67533E2F0086DFC13F64A3C9A113808D2A4692C7805333B271A5A51,36,0,5,8
E68525BB3B3CA89F988B2D826AA2CEA29D9014300B7396671733D39B53AF3C67,5,0,0,0
E6C62A2EB163A6A18591736745EDCFF4C8A02372EFEB7F6C963F2F6A8ED89E1C,2,0,1,2
E6C98C4395A3F3ED0BB346AE3958E04514488FEE2F13399F09C7D1616046A00A,13,0,0,0
E73AEB4049C4558B01CDEF9537F46DFB59F7FAB381B833EE564395C07839B,3,0,0,1
E74F2B79A331AEB1BD0B5613234498DC47ABB4C0F5B3E46A3F9545E6262A531F,24,0,0,0
E756503FB06EF5CC3DD913F43E763001E57BAD3932F1144913748775402474B6,4,0,0,0
E756ABAABDDA267D08872C7E4AA22EB36D9F9E818AD88DFEA7D4B5D21E90D01B,6,0,1,1
E761304A47A07440E7AB4F38DC9FB513441843E5A72A7540DFC355663DFE4AE2,14,0,4,3
E76D4925A1038E3B51B45A103D3E272955F35D3D616AABB043D148D755C97DC9,13,0,2,3
E83C7D10B844E7D8B1F7DAC9C6F2A6614C4A2E708287E81D79EFF6E9E9911CBD,19,0,0,2
E86E9620A778C5D03F17051A88221B09EA2CB56C581CF980E387506231,5,0,0,1
E88A84557E4564915B3AFCE3B1F0A85DAB26976CDBF0011F69015251ECE0B831,3,0,1,0
E8BAF08A37289E35BA376755710B79CBEA57564AFA333EAA4CB9330FD6A275C6,36,0,5,8
E8F2FD8FFEDC6FF310A79FFEFB6724E0B1C8A53B3D4CB018841C673801028147,6,0,3,0
E937F9B51D278DDEC8C037668E0F97899E1F6D2816EA6F5580A1D3D0C196F43E,10,0,1,1
E970604D2E8956307DACBEA18CCAB3E437BD4B0323DE823DC7C390B48040A436,7,0,2,1
E97C4024219097635EA5F40D78A439B6AFE2BA3C6CA367FBBAD513B8B14154C8,17,0,1,3
E9CBD984CF678C7497EEB7D3745B0518D14E90BD363EAEF8FEDC5AA0F4,7,0,0,0
E9CEC55E10774D32E8D408D8A89AD39F9D7FAD8FF884BCF3C0D9F5CAE8D96CB5,11,0,3,3
E9CFCF6AC8F41D631DC0DDB198A81F23A40CC10D290FAAC3301D1DDCB4A9CF6D,10,0,0,1
EA76CBF0213A109DD9D7ED4ECB5DD759EB428F814BB9A34122BC057C30BD8637,4,0,1,1
EA7E5415C83D52C4835BF7AA08B8069E6395AF71AF843FA3C983992800F506EB,13,0,8,6
EA990D2E11A96FA2A3C531A7DA9FD4C2463369756008127DF42803E9FE9EDB6F,15,0,1,1
EAB9F33515233B326E9F70B3C57423F9A28646FB34F1687A869128,10,0,0,1
EBC96944154148963F26532C2727E41645BD0FE70D5B91C26225A1939808CB8E,13,0,3,1
EBE06DFB790CCEC41432637C593139E6C813AF0BA0F1366FF9FF12F8DD89AD40,9,0,1,2
EC0D8F56C9C9623585F6795DAFDA3FCA3454060A6499F6A5FC7F73F0C4D71091,15,0,1,1
EC1427CF99DBC9F2B70532801F087B92A7D7EAE88A08F77AFE3693ED71D3A3B8,11,0,0,0
EC315D023C9AA9CC375C1788603AB4624A72EDEC2C70ACA2FF4FD73DEAAF8E85,24,0,0,1
EC5D910D5111516AA62145B6BCA48250879516A68FAEEE256D06A03184C0936F,5,0,0,1
EC7ED98975671D9A8EFBD8E91E7ABC52B7C3E59605F4F44F4E9262F7F2DB1C52,6,0,0,0
ECA1A729C65AF295FD671E12C1340E76FA3B5B187C348B422B39F7ACD10D7,9,0,2,0
ECA50011F3ACAE0955915C4955A3A79F6426A62B930521A95DFA8EA789A76FC1,7,0,0,0
ECC4103FCDED5DE735557488B94C7FABC44659EEA63E78418923D58199C79DF2,5,0,1,1
ECC91403B30A116BEDC888882F85C2DAD71D6548465B8A8CEE9D02E1BBFC3,4,0,1,0
ECEA09FFA88ACECF16C958C2AFEF2F662118B6BD53C82F0E91F4510DC4A,3,0,1,1
ECF163181C599955625A81BE48686F2BB9322841E24240D0876F55348834E9E6,3,0,0,0
ED6A5C2608249F9C546F77BE979A3A19F95B98F0F8612A54C2DC4646ADA4FCA3,7,0,3,0
EDA418547BBDF64177A888189B16B978C8B925E492F021B89ED504D66C84,21,0,4,1
EDAB0F103C1DCF6674AC5FAF8987511625AE473F1860A95D506E4E77B36DB291,3,0,3,4
EE184334016795E3D72F89D9C2C7F9FFA3EED65CFF9639A3833DA0B40D6F22F5,6,0,1,1
EE8493ABDD408230E8FCF72308A6B0EDD3FE24FB8AF7359A7272015EA97D8659,9,0,3,3
EE9D09E06780A4952ED08C76344F8C010FE80FE8A47A1D52EFF5752A26872E9F,10,0,4,1
EEDF6882000B4E506DAC0246D8FA6C4E7943FE67D27239E523AC6FCC4FAC05BB,3,0,5,2
EEEEA1573010C81EA0851E2C86A2AF429676B9129208EFD192CB12191789E,5,0,2,3
EEFCA9B09E4F8DEE7E50A59A628926DD00BB03EE82CCE881377F7BCED02C5F33,7,0,0,2
EF89A60AD3AB30133EFB388C66C5637100AE2FC207486C0B4394FAA394FFF,11,0,2,1
F0365F25FA9836A0666C83C833F69537F8E3B70BA7806C0CE074A18758E26E4C,2,0,0,0
F04392C18C11443CF17181F9403366AD256E00D07887F29555A2E474F6C3302D,9,0,0,0
F0C98499F7490FC985B729C436242E3389B453F497B13B4A4DAFB542C53EA7B6,9,0,3,3
F11001D36F671286A9BF413BF9B6401A9AAC643BD1C87294D50DD82348347D38,7,1,3,0
F183FC9975EA9907A9ECFE87761E98F63B76584BFFB59EE7DF475372CA6F06DC,2,0,0,0
F1A59B8AB68CFDB2A3261F7ACF96E4BA15EFA592484BD53FD0A128066705BB61,4,0,1,2
F22A62BAE2A83D7062A7B74DBD11580A5D9ED7B74C91BBAEC1C812BDA1313965,10,0,9,6
F243A03FD5AB0D2A02B26AC398D8A99E87CE11A63F4595950B02FC1A2E9984F7,29,0,3,4
F28182DBA83B4484564D272AA0F26FFA298D7686D850CF34B8F4E310593B11C9,10,1,5,5
F2A010F8E9CAE30EE47AB22DEF104CE2D7CA76A20BDEFA474700D834A3DEE5AD,12,0,5,11
F2DFF1BAD44A672E2E00AC4B8117EEA9C4A5B96A940AC6308D46E379F7B785BE,16,0,1,3
F3493098C0D00FA357CCBA3B634893FEBE5AC4202AABC5EEA1D0958F8C817A73,7,0,0,0
F3E082FBB63A9C53C367041D22B786CAADB32716D4E2C3FA05A38A712481D009,9,0,0,2
F429998A941C7AC7A55FD0DD274099DDF7FC3234E6A57E37EDA06BC1A78939CF,5,0,0,0
F46166BED5A25ED98BFCE7C19D8F48146B9928A4816966B79B2D60A295CC187D,7,0,0,0
F4CCBE2C567E1F7FD9EACA2A92D5230956AA8B5A2D9B7918656A6A7A913AAAA9,11,0,5,5
F4E2FE9F8AF59913063339E8D8256C78BEF0A48C30C7EAE74429785BA704559E,7,0,0,0
F511A7FB930CBC570EAD25D2B27B304495E23BDCA24F0CB1E4752E7A5432BB17,30,0,6,2
F52C06E8622F27E247F6F8D7D2017FED8068BFAE2ED46EF0AEA309F1FB4763B8,10,0,3,3
F575684EEE02DAD42DFFA261AAE325C6C83FEAD59D62EDD3B0C9356B908A796D,36,0,5,8
F5D2FF475C26F139671FD641E1A8CBCBB3035D9523D30DF163BEEF297712A,2,0,0,0
F66A350C6218EDA0A448361F2391A07CCA0129EA7ECC8693CB202F905779002D,7,0,0,0
F66BB847BEAB2CB07B80FADF87AD874BB46AE74F1F40FC3CCB0682B2CEC,10,0,5,3
F6B212A5480693770B76768476624C46C178B6147E4775706EE9B4EAFF253B35,8,0,3,1
F720D6ACF7787C38F072A711A527F10433D032353E205BED2994ACDDA43B4519,5,0,1,1
F7383AEBD4C2AEA1986535BE2839DFD5E9C641A6D64F730A47CA2F0DD9D17AAC,7,0,0,0
F78327595198829265375F407A110CE3C1982B72A9B524BBF3CC719D6902E380,9,0,0,1
F79416718DE6490C86964C269F01F5308CE30BD7705CE72481E014D7352030F5,7,0,0,0
F7BA2E1FBF8D63B8B3A3C99A553C3A5390779A96E3072F82DB3FE0C81B03C,8,0,7,0
F7DB7058211FF4853A86AD58A5ED557F639175BA477C31D40F25B616B24A091D,1,0,1,1
F7E6FDF49B170B8035C66D5D518BEBB3F820CF1F7BDED925D2A13D669D98711A,6,0,0,1
F7E9C894FB73C27F80490147805BFD29CC9BD79A01E118114E6C69244B359FF5,3,0,0,0
F8852F0F3D981DA33521B107ACEA379B2432B3D553BE85345AC265D0A2BD14CF,9,0,4,1
F8BA8E53BFFBCB55BE485C5935E5482B52E02F66D9D5B0FDB7A2296E909D064E,7,0,6,11
F90A2AD2E99F8F06E3647FFD25BBEBB323C804EF1CCFADD9A4467D0BBEDDDFA8,5,0,0,0
F9222BB50D25710D8CDCBC85589D42AB46D797F06F58424BD6A236A05B9F6F71,3,0,0,0
F9739712EBE0C2AA1BC47911B11010E9981DAD53BF9D6846C47F5300E097114F,17,0,0,1
F97891DBB15072F4F42D4AEBBEC268CFC99292B662286C829A781D2ADF854A50,7,0,0,0
F998675934EE96884D5340C8EE5AB0D4B8D171003A292BCA5353916A4DDF20A9,3,0,4,2
F9C327CB810A5075C71FF953866488F04EC244565D214D0CEAB27BB995494C80,2,0,0,0
F9DB68646874DA6BE6D21A8097B9409D409292F665D7D44D19C9BD20B784396E,11,0,4,1
FA029533D1A5482C764FEF857E98CF70185821E7DF9DD3F5F9408C693A6BA83D,12,0,0,0
FA1A0DCAC165447042DD152B1BBAC2004D519DC3CF31BEDADCC5482A4A2,7,0,1,1
FA370A0386C76690F6419D1C765B6A4EECA85F1E727A4344DF8D1F53F71B1E32,108,0,8,13
FA4994503B6F3098E95A4E4FEB493413512B8A5E21AEF002374A5E8C75A1D6F9,4,0,3,3
FA4E3E22D1AA2778F89283F02EE1228B5A4E6148442669AB1688141A601B257E,3,0,1,2
FA5695705D8D8A3BE52C96F7F9D6C54AF0933A2542A7D219145E8D8162BAB6AF,6,0,2,0
FAEAA9EC7D7EA52EE2232FFA03BF37ED37BE32410D737DE2BA6E4DBF4387E4D3,9,0,5,1
FB83C53E9E7534E838E8B5382ED34C22289444D712A539E6A67B74BFA8D98435,9,0,4,2
FBAF80A2859A9756EBCB0392750F163943EA5C7824EB5B55C7306C671455BD7C,5,0,0,1
FBC4243BEC90FB72C22ED0D4511086E23CBFE9A39866B61E5512A3C1B5147462,1,0,2,2
FC69046489212358E0B662EB03CDFE58CB00DE00BBAAEF8E0D16D8F149EDBBD3,4,0,0,0
FC98B0D953D0F0C1BC45B9D7500AF3EA6F0D369D0FA1EA7576EB6E8F96CAA392,15,0,0,1
FD362166AAE7DFB985E7F2D0B359B8386B04C0277D6161905ADD0A3F8FAEA677,7,0,3,1
FD3C03AF16B449DE0357334AB9D9FA41106DA4A7E17966782CF2D01665D8C98B,8,0,1,1
FD512110CC32A49AEDD39D4EA4B01E772B119F1C67BAB4543263FA8DE9A433F0,3,0,0,1
FD6E7C82B371FA5670E410BFE55C62270249A8D3245C29F4F32C065B0ED2B303,17,0,0,0
FDABAC96C5854C10653431A860FB7FF9DA51E49195173A63AB98B80187F58F41,10,0,2,1
FDAC740B490205F037C360E01E813A63E31EFBE9216E65AFC3189DCCF6EBA88C,25,0,1,3
FDC7206F057F64017F4CDB69A986528AD19F34C0A9DE5DF752F2447176FE6C68,3,0,0,0
FDD7D29A3CB3E082C882C6D35F2CC464BE7116F4571E8E64CF63950D0E63BD66,2,0,0,0
FDD95EB64EEF6F4AE1C5E781F730A7C6F89FCDA48F21E02D68D219A34C6BC1B5,10,0,3,3
FE29C82D97D597E8693C4A28F5C0B197DF3EE7238290BE708F7C0837129C9D53,3,0,0,0
FEA1147100006D9618167C2421EC1CE9F27802A1518295BE7CDAF94C060163D4,22,1,5,4
FEE789305CDB586E7322D2BE5D551473A2D25130DE2774AFE2C05F000E3,6,0,1,1
FF275694C7B37D58212BDBE61F24B7D6A34242BA41BEA6E765D9CC06CE0E0AF0,6,0,2,0
FFC8B1F8837188547884B1C43701E997BA2A173611EC7BBE3FE8C7EA,16,0,4,5
FFCAB4FA2A51F5FE67DF821C0FA5C757D6D59164F5168DCC8BB4FBB739D73099,7,0,0,0
